gene	uniprot
O53_1894	L7EEH3
O53_5121	L7E033
O53_5296	L7E0J1
O53_69	L7E1L4
O53_4273 	L7E1L4
O53_2010	L7E2V7
O53_2770	L7E4J4
O53_2257	L7E566
O53_3716	L7E5Z7
O53_2641	L7E6A2
O53_2788	L7E6Q5
O53_3217	L7E6W4
O53_257	L7E878
O53_644	L7E9B5
O53_253	L7E9V2
O53_1061	L7EAH7
O53_1006	L7EBZ9
O53_1157	L7EC12
O53_905	L7EDC5
O53_4945	L7DY09
O53_5055	L7DYC2
O53_5085	L7DYE2
O53_5150	L7DYK2
O53_5160	L7DYL1
O53_5205	L7DYQ9
O53_5210	L7DYR4
O53_5235	L7DYT7
O53_5295	L7DYZ6
O53_5350	L7DZ55
O53_5049	L7DZC7
O53_5104	L7DZH6
O53_5109	L7DZI1
O53_4310	L7DZL1
O53_4941	L7DZL3
O53_5149	L7DZL6
O53_5179	L7DZP3
O53_4976	L7DZR7
O53_4395	L7DZS5
O53_5219	L7DZT4
O53_4420	L7DZU3
O53_5234	L7DZV0
O53_4440	L7DZW1
O53_4471	L7DZZ0
O53_4502	L7E020
O53_5324	L7E051
O53_5146	L7E056
O53_4543	L7E058
O53_5166	L7E074
O53_5349	L7E081
O53_5364	L7E098
O53_4269	L7E0J6
O53_5306	L7E0K0
O53_5113	L7E0M4
O53_4744	L7E0Q2
O53_4754	L7E0R5
O53_4329	L7E0S3
O53_5223	L7E0W9
O53_4409	L7E0Y0
O53_5253	L7E0Z5
O53_5258	L7E100
O53_5268	L7E111
O53_5283	L7E126
O53_4480	L7E138
O53_4491	L7E146
O53_4879	L7E148
O53_4506	L7E161
O53_4521	L7E175
O53_4336	L7E185
O53_2034	L7E1B2
O53_4962	L7E1C6
O53_2059	L7E1D5
O53_4406	L7E1D9
O53_4992	L7E1F2
O53_4431	L7E1G2
O53_4617	L7E1H1
O53_4446	L7E1H6
O53_4628	L7E1I2
O53_4462	L7E1J1
O53_5057	L7E1K4
O53_4648	L7E1K5
O53_4278	L7E1L9
O53_4673	L7E1N2
O53_2164	L7E1N5
O53_5107	L7E1P0
O53_4308	L7E1S4
O53_4609	L7E1X8
O53_4393	L7E1Z7
O53_4635	L7E205
O53_2285	L7E211
O53_5252	L7E218
O53_2321	L7E247
O53_5282	L7E248
O53_4878	L7E2A2
O53_4730	L7E2A4
O53_3593	L7E2E9
O53_4770	L7E2E9
O53_4591	L7E2H1
O53_2446	L7E2I2
O53_4845	L7E2N7
O53_4900	L7E2S9
O53_4312	L7E2U0
O53_2005	L7E2V2
O53_4337	L7E2W4
O53_2035	L7E2Y1
O53_2639	L7E302
O53_4387	L7E303
O53_4757	L7E304
O53_2090	L7E338
O53_4787	L7E352
O53_2130	L7E374
O53_2731	L7E385
O53_4822	L7E390
O53_2160	L7E3A7
O53_2761	L7E3B9
O53_2190	L7E3D6
O53_2823	L7E3H9
O53_4590	L7E3I2
O53_4626	L7E3L7
O53_4636	L7E3M8
O53_4651	L7E3P3
O53_4666	L7E3Q5
O53_2307	L7E3Q7
O53_2940	L7E3W0
O53_4721	L7E3W9
O53_2167	L7E3X7
O53_2382	L7E407
O53_3006	L7E409
O53_2387	L7E411
O53_2207	L7E418
O53_3026	L7E429
O53_2622	L7E442
O53_2258	L7E470
O53_2507	L7E4A4
O53_4836	L7E4B0
O53_2289	L7E4B4
O53_4841	L7E4B5
O53_3137	L7E4C9
O53_2309	L7E4D8
O53_2573	L7E4G6
O53_2589	L7E4I0
O53_3198	L7E4J2
O53_2016	L7E4J5
O53_2790	L7E4L3
O53_2795	L7E4L8
O53_2046	L7E4M0
O53_3234	L7E4M2
O53_2810	L7E4N3
O53_2667	L7E4Q0
O53_2837	L7E4R2
O53_2702	L7E4T9
O53_2449	L7E4U5
O53_3319	L7E4W3
O53_2732	L7E4W7
O53_2524	L7E503
O53_2221	L7E532
O53_2980	L7E555
O53_3020	L7E587
O53_3040	L7E5A4
O53_3459	L7E5B7
O53_2318	L7E5D4
O53_3534	L7E5H6
O53_2910	L7E5H8
O53_2363	L7E5K0
O53_2744	L7E5K7
O53_2749	L7E5L4
O53_3177	L7E5N4
O53_3032	L7E5S2
O53_3233	L7E5V0
O53_2473	L7E5V8
O53_2851	L7E5X8
O53_3273	L7E5Z6
O53_2882	L7E629
O53_2574	L7E638
O53_2902	L7E649
O53_2917	L7E659
O53_3788	L7E669
O53_2610	L7E670
O53_2959	L7E693
O53_3245	L7E6B9
O53_3843	L7E6C6
O53_3873	L7E6G1
O53_3427	L7E6H5
O53_3898	L7E6K4
O53_3994	L7E6T1
O53_3594	L7E6V5
O53_4066	L7E6Z1
O53_3257	L7E706
O53_3287	L7E741
O53_4151	L7E767
O53_3328	L7E790
O53_3555	L7E791
O53_3742	L7E798
O53_3762	L7E7C0
O53_3359	L7E7C3
O53_32	L7E7I7
O53_3827	L7E7I9
O53_3083	L7E7K1
O53_3108	L7E7M8
O53_3717	L7E7N3
O53_102	L7E7R3
O53_3892	L7E7T8
O53_3902	L7E7U7
O53_3215	L7E7Y0
O53_3648	L7E831
O53_222	L7E849
O53_3731	L7E8A5
O53_339	L7E8E8
O53_3786	L7E8G2
O53_3970	L7E8G4
O53_3975	L7E8G8
O53_4190	L7E8J4
O53_394	L7E8K1
O53_419	L7E8M6
O53_4102	L7E8S0
O53_36	L7E8T3
O53_3511	L7E8U0
O53_61	L7E8W1
O53_76	L7E8X7
O53_4182	L7E8Z0
O53_529	L7E8Z3
O53_549	L7E914
O53_569	L7E936
O53_4043	L7E969
O53_43	L7E984
O53_639	L7E9B0
O53_4174	L7E9I3
O53_303	L7E9K6
O53_3855	L7E9T0
O53_393	L7E9U3
O53_3890	L7E9Y8
O53_453	L7E9Z7
O53_3910	L7EA09
O53_943	L7EA56
O53_513	L7EA62
O53_528	L7EA77
O53_4011	L7EA85
O53_415	L7EA96
O53_165	L7EAA6
O53_435	L7EAB4
O53_4098	L7EAG0
O53_260	L7EAI1
O53_4143	L7EAK0
O53_1106	L7EAM6
O53_550	L7EAN8
O53_4213	L7EAR4
O53_387	L7EAT2
O53_713	L7EAU0
O53_620	L7EAW2
O53_427	L7EAW7
O53_1189	L7EAY1
O53_1224	L7EB08
O53_1254	L7EB31
O53_710	L7EB78
O53_542	L7EB84
O53_912	L7EBA8
O53_577	L7EBC3
O53_189	L7EBE9
O53_1424	L7EBI7
O53_999	L7EBJ5
O53_1440	L7EBK3
O53_1496	L7EBQ3
O53_326	L7EBQ6
O53_924	L7EBR3
O53_718	L7EBU6
O53_971	L7EBW4
O53_1592	L7EC03
O53_1602	L7EC13
O53_1021	L7EC16
O53_845	L7EC43
O53_1183	L7EC53
O53_481	L7EC56
O53_1077	L7EC81
O53_506	L7EC83
O53_1233	L7EC90
O53_983	L7ECG1
O53_1353	L7ECI9
O53_821	L7ECI9
O53_606	L7ECK0
O53_1023	L7ECK2
O53_1848	L7ECP1
O53_1423	L7ECP8
O53_651	L7ECQ1
O53_1089	L7ECR8
O53_1109	L7ECT9
O53_1275	L7ECU6
O53_1320	L7ECY2
O53_1505	L7ECZ2
O53_1252	L7ED88
O53_879	L7EDA3
O53_1596	L7EDA6
O53_1477	L7EDB3
O53_1287	L7EDB6
O53_940	L7EDF7
O53_1382	L7EDI9
O53_1563	L7EDJ5
O53_1412	L7EDL2
O53_1474	L7EDR6
O53_1743	L7EE37
O53_1610	L7EE55
O53_1927	L7EE81
O53_1818	L7EEA2
O53_1256	L7EED8
O53_1725	L7EEJ8
O53_1815	L7EES6
O53_1886	L7EEZ1
O53_1931	L7EF31
O53_1962	L7EF61
O53_1967	L7EF68
O53_1649	L7EFJ5
O53_1689	L7EFQ9
O53_1774	L7EFX9
O53_3304	U3H1G0
O53_4960	L7DY52
O53_4975	L7DY64
O53_4980	L7DY66
O53_5045	L7DYB2
O53_5070	L7DYD1
O53_5105	L7DYF8
O53_5135	L7DYI6
O53_5180	L7DYN4
O53_5215	L7DYR8
O53_5225	L7DYS7
O53_5345	L7DZ48
O53_4989	L7DZ80
O53_5380	L7DZ87
O53_5024	L7DZA8
O53_4250	L7DZD3
O53_5069	L7DZE5
O53_5074	L7DZE9
O53_5079	L7DZF4
O53_5129	L7DZJ6
O53_5134	L7DZK3
O53_4936	L7DZK6
O53_5154	L7DZM2
O53_4350	L7DZP0
O53_5194	L7DZQ6
O53_4410	L7DZT6
O53_5224	L7DZT8
O53_4415	L7DZT9
O53_5011	L7DZU2
O53_5016	L7DZU7
O53_5031	L7DZV9
O53_4461	L7DZY0
O53_5264	L7DZY1
O53_4466	L7DZY5
O53_4476	L7DZZ4
O53_5279	L7DZZ8
O53_5081	L7E000
O53_4487	L7E006
O53_5294	L7E016
O53_4517	L7E036
O53_4918	L7E037
O53_4923	L7E042
O53_5136	L7E047
O53_5339	L7E070
O53_4563	L7E075
O53_4588	L7E095
O53_4593	L7E0A0
O53_4608	L7E0B2
O53_4968	L7E0B5
O53_5379	L7E0B6
O53_5226	L7E0C2
O53_5231	L7E0C6
O53_5241	L7E0D6
O53_4654	L7E0G1
O53_4249	L7E0G9
O53_5276	L7E0H1
O53_4259	L7E0I2
O53_5073	L7E0J7
O53_5088	L7E0K7
O53_4704	L7E0L4
O53_5331	L7E0M5
O53_4284	L7E0M7
O53_5118	L7E0M9
O53_5346	L7E0N8
O53_5356	L7E0Q1
O53_5158	L7E0R1
O53_4334	L7E0S7
O53_4339	L7E0S9
O53_4364	L7E0V1
O53_4369	L7E0V3
O53_4384	L7E0W3
O53_4794	L7E0Y1
O53_4439	L7E106
O53_4829	L7E110
O53_4899	L7E164
O53_4516	L7E170
O53_4937	L7E176
O53_4331	L7E181
O53_5343	L7E188
O53_5348	L7E196
O53_4547	L7E199
O53_5368	L7E1B9
O53_2044	L7E1C1
O53_5383	L7E1D7
O53_4987	L7E1E7
O53_4416	L7E1E8
O53_4602	L7E1F5
O53_2089	L7E1G3
O53_2119	L7E1J3
O53_4643	L7E1K0
O53_4477	L7E1K6
O53_4653	L7E1L0
O53_5112	L7E1P4
O53_4688	L7E1P7
O53_5122	L7E1Q3
O53_4698	L7E1Q6
O53_2189	L7E1Q9
O53_5132	L7E1R2
O53_5142	L7E1S1
O53_4723	L7E1T3
O53_4318	L7E1T4
O53_2214	L7E1T6
O53_5177	L7E1V4
O53_2240	L7E1W2
O53_3694	L7E1W2
O53_2824 	L7E1W2
O53_4748	L7E1W3
O53_4383	L7E1Z0
O53_4773	L7E1Z2
O53_4408	L7E210
O53_4413	L7E213
O53_2306	L7E230
O53_4793	L7E234
O53_4448	L7E240
O53_4808	L7E246
O53_4833	L7E267
O53_2341	L7E270
O53_5307	L7E274
O53_4843	L7E276
O53_5317	L7E285
O53_2356	L7E286
O53_5322	L7E290
O53_4531	L7E2B2
O53_4536	L7E2B6
O53_2381	L7E2D1
O53_5372	L7E2E5
O53_4576	L7E2F6
O53_5382	L7E2F7
O53_5387	L7E2G3
O53_4237	L7E2I3
O53_4790	L7E2I4
O53_2073	L7E2J8
O53_2471	L7E2K1
O53_2078	L7E2K3
O53_4627	L7E2K4
O53_4805	L7E2K6
O53_2083	L7E2K8
O53_2088	L7E2L5
O53_4272	L7E2M4
O53_2506	L7E2N1
O53_2531	L7E2Q2
O53_2536	L7E2Q6
O53_4677	L7E2Q8
O53_4292	L7E2R7
O53_2148	L7E2S3
O53_4692	L7E2S5
O53_2153	L7E2S7
O53_2562	L7E2S8
O53_2158	L7E2T4
O53_2583	L7E2U7
O53_4712	L7E2U8
O53_2593	L7E2V8
O53_4332	L7E2V9
O53_4722	L7E2W0
O53_4737	L7E2X9
O53_4742	L7E2Y5
O53_2218	L7E2Z7
O53_4392	L7E309
O53_2239	L7E315
O53_2070	L7E319
O53_2244	L7E320
O53_2661	L7E321
O53_4412	L7E327
O53_4782	L7E334
O53_2284	L7E358
O53_2711	L7E363
O53_4463	L7E367
O53_4468	L7E372
O53_4478	L7E383
O53_2310	L7E387
O53_4489	L7E392
O53_2315	L7E393
O53_4852	L7E3B3
O53_2170	L7E3B6
O53_2340	L7E3C1
O53_2175	L7E3C2
O53_4524	L7E3C5
O53_2345	L7E3D2
O53_4877	L7E3D3
O53_4887	L7E3E0
O53_4902	L7E3F4
O53_1997	L7E3G9
O53_2225	L7E3H2
O53_2246	L7E3J1
O53_2032	L7E3J6
O53_2400	L7E3K6
O53_2848	L7E3K9
O53_2087	L7E3P5
O53_2455	L7E3P8
O53_2302	L7E3Q2
O53_2879	L7E3R0
O53_2475	L7E3R4
O53_4676	L7E3R8
O53_4681	L7E3S3
O53_2904	L7E3T3
O53_2515	L7E3U8
O53_2924	L7E3U9
O53_2930	L7E3V4
O53_2147	L7E3V5
O53_2172	L7E3Y1
O53_2177	L7E3Y6
O53_4741	L7E3Z0
O53_2986	L7E3Z2
O53_2571	L7E3Z5
O53_2372	L7E3Z7
O53_4751	L7E3Z8
O53_4756	L7E404
O53_2592	L7E414
O53_3011	L7E415
O53_2397	L7E420
O53_2402	L7E422
O53_2407	L7E427
O53_2627	L7E448
O53_4786	L7E455
O53_2253	L7E466
O53_2653	L7E469
O53_4811	L7E487
O53_2492	L7E491
O53_2273	L7E493
O53_3116	L7E4A9
O53_4846	L7E4B8
O53_3132	L7E4C4
O53_2710	L7E4D1
O53_2537	L7E4D3
O53_3178	L7E4H0
O53_2594	L7E4I5
O53_2624	L7E4L2
O53_2800	L7E4M3
O53_3249	L7E4N6
O53_2384	L7E4P3
O53_2389	L7E4P7
O53_2677	L7E4R1
O53_2687	L7E4S1
O53_2697	L7E4T3
O53_3294	L7E4T5
O53_2131	L7E4U6
O53_2712	L7E4U8
O53_3309	L7E4V3
O53_2161	L7E4X0
O53_3330	L7E4X3
O53_2489	L7E4X7
O53_3341	L7E4Y3
O53_2499	L7E4Y4
O53_2888	L7E4Y6
O53_2752	L7E4Y7
O53_2504	L7E4Y8
O53_2509	L7E4Z2
O53_2191	L7E502
O53_2539	L7E519
O53_2949	L7E534
O53_2960	L7E541
O53_2252	L7E560
O53_2591	L7E561
O53_2606	L7E575
O53_3015	L7E582
O53_2282	L7E596
O53_3433	L7E598
O53_2631	L7E5A0
O53_2860	L7E5A7
O53_3454	L7E5B2
O53_2658	L7E5C4
O53_3469	L7E5C6
O53_3484	L7E5D5
O53_3509	L7E5F3
O53_2699	L7E5G0
O53_3524	L7E5G6
O53_2900	L7E5H0
O53_2353	L7E5H4
O53_2905	L7E5H5
O53_3125	L7E5I4
O53_2729	L7E5J2
O53_3560	L7E5J6
O53_2368	L7E5L1
O53_3156	L7E5L3
O53_3580	L7E5L5
O53_3161	L7E5L8
O53_2764	L7E5N0
O53_3007	L7E5Q0
O53_2784	L7E5Q1
O53_2794	L7E5R3
O53_3202	L7E5R5
O53_3207	L7E5S1
O53_2448	L7E5T6
O53_3052	L7E5T9
O53_2820	L7E5U3
O53_3077	L7E5W4
O53_2841	L7E5W6
O53_3278	L7E600
O53_3122	L7E607
O53_2549	L7E617
O53_3758	L7E634
O53_2887	L7E635
O53_3313	L7E637
O53_2579	L7E643
O53_2595	L7E658
O53_2928	L7E668
O53_2620	L7E679
O53_3204	L7E680
O53_3798	L7E681
O53_2943	L7E682
O53_2625	L7E684
O53_2636	L7E696
O53_3240	L7E6B5
O53_2994	L7E6B7
O53_3250	L7E6C3
O53_3401	L7E6F3
O53_3412	L7E6G2
O53_3883	L7E6H2
O53_2718	L7E6H3
O53_2738	L7E6J7
O53_3326	L7E6K1
O53_3099	L7E6K5
O53_3129	L7E6N0
O53_3160	L7E6Q9
O53_3543	L7E6R3
O53_3559	L7E6S4
O53_3176	L7E6S6
O53_3569	L7E6T2
O53_3186	L7E6T4
O53_2819	L7E6T8
O53_3584	L7E6U6
O53_3589	L7E6V0
O53_3409	L7E6W7
O53_3222	L7E6X0
O53_4060	L7E6Y6
O53_2861	L7E6Y8
O53_3247	L7E6Z5
O53_4101	L7E720
O53_3480	L7E721
O53_3277	L7E727
O53_3679	L7E735
O53_3510	L7E745
O53_4146	L7E761
O53_3525	L7E762
O53_3307	L7E764
O53_2921	L7E766
O53_3535	L7E770
O53_3727	L7E782
O53_2952	L7E792
O53_4181	L7E794
O53_3561	L7E796
O53_3747	L7E7A4
O53_2983	L7E7B7
O53_3586	L7E7B9
O53_3601	L7E7D2
O53_3003	L7E7D5
O53_3611	L7E7E1
O53_3787	L7E7E7
O53_12	L7E7G1
O53_3038	L7E7G3
O53_3048	L7E7H1
O53_22	L7E7H2
O53_27	L7E7I1
O53_3666	L7E7I2
O53_3671	L7E7I6
O53_3405	L7E7I8
O53_3426	L7E7K6
O53_3706	L7E7M1
O53_3103	L7E7M3
O53_3477	L7E7P3
O53_3134	L7E7Q3
O53_3139	L7E7Q7
O53_3517	L7E7S2
O53_3527	L7E7S9
O53_3180	L7E7U3
O53_3907	L7E7V0
O53_152	L7E7W4
O53_3205	L7E7W9
O53_3210	L7E7X5
O53_3942	L7E7X7
O53_3603	L7E7Y8
O53_172	L7E805
O53_3633	L7E817
O53_3638	L7E822
O53_4003	L7E825
O53_202	L7E832
O53_3271	L7E833
O53_4034	L7E851
O53_3884	L7E873
O53_3693	L7E875
O53_4075	L7E883
O53_3894	L7E8A6
O53_298	L7E8A8
O53_3736	L7E8B0
O53_4120	L7E8C1
O53_3751	L7E8C5
O53_3939	L7E8E3
O53_3771	L7E8E6
O53_3776	L7E8F1
O53_4150	L7E8F4
O53_354	L7E8G0
O53_3965	L7E8G1
O53_3796	L7E8H1
O53_4170	L7E8H3
O53_3990	L7E8H8
O53_4175	L7E8H9
O53_379	L7E8I6
O53_384	L7E8J1
O53_4015	L7E8J6
O53_3399	L7E8J8
O53_3410	L7E8K8
O53_414	L7E8M1
O53_3846	L7E8M5
O53_1	L7E8P5
O53_439	L7E8P7
O53_4077	L7E8P9
O53_6	L7E8Q0
O53_3466	L7E8Q2
O53_444	L7E8Q4
O53_3871	L7E8Q6
O53_4122	L7E8T6
O53_41	L7E8T8
O53_4137	L7E8U7
O53_499	L7E8V8
O53_4152	L7E8W2
O53_3911	L7E8W6
O53_509	L7E8W8
O53_4177	L7E8Y6
O53_534	L7E8Z9
O53_4192	L7E901
O53_101	L7E911
O53_3597	L7E918
O53_8	L7E950
O53_136	L7E952
O53_3642	L7E960
O53_4033	L7E962
O53_3652	L7E968
O53_604	L7E974
O53_4053	L7E976
O53_4063	L7E982
O53_619	L7E989
O53_48	L7E990
O53_53	L7E994
O53_3682	L7E997
O53_629	L7E9A0
O53_4089	L7E9A3
O53_68	L7E9A9
O53_3723	L7E9D8
O53_3730	L7E9E2
O53_4149	L7E9F7
O53_3745	L7E9F8
O53_669	L7E9G8
O53_674	L7E9H3
O53_4169	L7E9H8
O53_277	L7E9I4
O53_694	L7E9J0
O53_153	L7E9K0
O53_4194	L7E9K4
O53_3790	L7E9K7
O53_308	L7E9L0
O53_4204	L7E9L1
O53_776	L7E9P7
O53_348	L7E9P8
O53_353	L7E9Q4
O53_203	L7E9R3
O53_15	L7E9R6
O53_3850	L7E9S3
O53_807	L7E9S4
O53_223	L7E9T1
O53_817	L7E9T5
O53_248	L7E9U8
O53_263	L7E9W1
O53_847	L7E9W4
O53_274	L7E9W9
O53_428	L7E9X4
O53_862	L7E9X6
O53_299	L7E9Y9
O53_90	L7E9Z6
O53_310	L7E9Z8
O53_887	L7EA00
O53_315	L7EA01
O53_320	L7EA05
O53_100	L7EA08
O53_325	L7EA11
O53_488	L7EA35
O53_498	L7EA43
O53_360	L7EA47
O53_365	L7EA49
O53_938	L7EA50
O53_3966	L7EA53
O53_508	L7EA55
O53_949	L7EA61
O53_380	L7EA64
O53_975	L7EA84
O53_160	L7EA95
O53_4047	L7EAB2
O53_4052	L7EAB7
O53_1010	L7EAB8
O53_440	L7EAC1
O53_445	L7EAC6
O53_190	L7EAC8
O53_1020	L7EAC9
O53_588	L7EAE4
O53_1035	L7EAE7
O53_225	L7EAF4
O53_1045	L7EAF9
O53_235	L7EAG1
O53_603	L7EAG2
O53_485	L7EAG8
O53_1056	L7EAH1
O53_4133	L7EAJ0
O53_281	L7EAJ8
O53_515	L7EAK1
O53_1096	L7EAL7
O53_4163	L7EAL9
O53_653	L7EAM0
O53_322	L7EAM7
O53_555	L7EAP2
O53_560	L7EAP7
O53_4198	L7EAP8
O53_668	L7EAQ3
O53_678	L7EAR1
O53_688	L7EAS1
O53_585	L7EAS5
O53_382	L7EAS7
O53_9	L7EAU3
O53_402	L7EAU5
O53_729	L7EAV0
O53_610	L7EAV1
O53_422	L7EAW3
O53_34	L7EAW5
O53_44	L7EAX6
O53_769	L7EAY0
O53_442	L7EAY3
O53_54	L7EAY7
O53_1209	L7EAZ6
O53_472	L7EB16
O53_816	L7EB17
O53_1244	L7EB22
O53_1249	L7EB27
O53_665	L7EB36
O53_502	L7EB42
O53_1289	L7EB58
O53_861	L7EB60
O53_124	L7EB61
O53_1294	L7EB62
O53_700	L7EB70
O53_1304	L7EB72
O53_1309	L7EB77
O53_881	L7EB80
O53_886	L7EB85
O53_144	L7EB86
O53_1354	L7EBB5
O53_761	L7EBB6
O53_958	L7EBF2
O53_1394	L7EBF3
O53_199	L7EBF7
O53_607	L7EBG2
O53_1404	L7EBG4
O53_823	L7EBH1
O53_219	L7EBH2
O53_979	L7EBH3
O53_828	L7EBH6
O53_229	L7EBI1
O53_1429	L7EBJ2
O53_642	L7EBK2
O53_858	L7EBK4
O53_1009	L7EBK6
O53_275	L7EBL6
O53_1019	L7EBL7
O53_1029	L7EBM5
O53_888	L7EBN0
O53_657	L7EBN2
O53_306	L7EBN9
O53_1486	L7EBP2
O53_919	L7EBQ7
O53_331	L7EBR0
O53_336	L7EBR5
O53_944	L7EBT3
O53_356	L7EBT6
O53_1090	L7EBU0
O53_712	L7EBU2
O53_1100	L7EBV0
O53_733	L7EBV7
O53_748	L7EBW8
O53_976	L7EBW9
O53_758	L7EBX7
O53_401	L7EBY2
O53_991	L7EBY3
O53_794	L7EC05
O53_1152	L7EC07
O53_805	L7EC15
O53_830	L7EC32
O53_1622	L7EC33
O53_835	L7EC35
O53_1041	L7EC36
O53_466	L7EC40
O53_1177	L7EC49
O53_476	L7EC51
O53_1193	L7EC63
O53_1213	L7EC79
O53_1223	L7EC85
O53_1082	L7EC86
O53_1672	L7EC95
O53_916	L7ECA0
O53_1687	L7ECB6
O53_1128	L7ECE2
O53_1722	L7ECE5
O53_1732	L7ECF3
O53_571	L7ECF5
O53_988	L7ECG6
O53_1757	L7ECH1
O53_1762	L7ECH5
O53_1343	L7ECI1
O53_1008	L7ECI8
O53_1363	L7ECJ6
O53_1383	L7ECL3
O53_1817	L7ECL4
O53_1398	L7ECM5
O53_1838	L7ECN1
O53_1054	L7ECN4
O53_1059	L7ECN9
O53_1863	L7ECQ6
O53_1873	L7ECR4
O53_1445	L7ECR9
O53_1878	L7ECS0
O53_1245	L7ECS2
O53_1450	L7ECS5
O53_1250	L7ECS6
O53_666	L7ECT6
O53_1903	L7ECU3
O53_1295	L7ECW0
O53_706	L7ECW9
O53_711	L7ECX2
O53_1310	L7ECX4
O53_1944	L7ECY9
O53_737	L7ECZ3
O53_1340	L7ECZ9
O53_1166	L7ED13
O53_829	L7ED60
O53_1222	L7ED67
O53_1430	L7ED72
O53_844	L7ED73
O53_1576	L7ED80
O53_1441	L7ED81
O53_1257	L7ED92
O53_1277	L7EDA7
O53_1492	L7EDC7
O53_1317	L7EDD8
O53_1517	L7EDF1
O53_935	L7EDF2
O53_1342	L7EDF8
O53_1347	L7EDG2
O53_1362	L7EDH3
O53_1543	L7EDH5
O53_992	L7EDK2
O53_997	L7EDK5
O53_1588	L7EDL8
O53_1432	L7EDM9
O53_1608	L7EDN6
O53_1623	L7EDQ4
O53_1746	L7EDT0
O53_1504	L7EDU3
O53_1509	L7EDU8
O53_1781	L7EDV3
O53_1103	L7EDV5
O53_1108	L7EDW1
O53_1119	L7EDX3
O53_1816	L7EDY0
O53_1550	L7EDY6
O53_1688	L7EDZ3
O53_1842	L7EE00
O53_1703	L7EE07
O53_1580	L7EE21
O53_1155	L7EE22
O53_1590	L7EE33
O53_1191	L7EE85
O53_1808	L7EE91
O53_1645	L7EE99
O53_1211	L7EEA1
O53_1216	L7EEA6
O53_1824	L7EEA7
O53_1221	L7EEB0
O53_1829	L7EEB1
O53_1834	L7EEB6
O53_1839	L7EEC1
O53_1670	L7EEE3
O53_1276	L7EEF3
O53_1879	L7EEF8
O53_1291	L7EEG6
O53_1705	L7EEI2
O53_1311	L7EEI4
O53_1321	L7EEJ5
O53_1919	L7EEK3
O53_1740	L7EEK7
O53_1336	L7EEL1
O53_1745	L7EEL3
O53_1750	L7EEL9
O53_1755	L7EEM4
O53_1371	L7EEP5
O53_1970	L7EEQ2
O53_1810	L7EES1
O53_1426	L7EEU9
O53_1448	L7EEW9
O53_1473	L7EEZ4
O53_1498	L7EF19
O53_1916	L7EF20
O53_1952	L7EF51
O53_1534	L7EF52
O53_1554	L7EF76
O53_1574	L7EFA0
O53_1584	L7EFB2
O53_1614	L7EFE6
O53_1619	L7EFF4
O53_1624	L7EFG2
O53_1654	L7EFK2
O53_1664	L7EFL5
O53_1729	L7EFU2
O53_1744	L7EFV3
O53_1769	L7EFX5
O53_1784	L7EFY6
O53_1814	L7EG07
O53_1819	L7EG11
O53_1830	L7EG21
O53_1930	L7EGB4
O53_1956	L7EGD5
O53_1313	U3H111
O53_4920	L7DXY1
O53_4925	L7DXY6
O53_4930	L7DXZ2
O53_4935	L7DXZ7
O53_4940	L7DY03
O53_4950	L7DY16
O53_4955	L7DY37
O53_4965	L7DY54
O53_4970	L7DY59
O53_4985	L7DY71
O53_4990	L7DY75
O53_4995	L7DY78
O53_5000	L7DY80
O53_5005	L7DY84
O53_5010	L7DY89
O53_5015	L7DY90
O53_5020	L7DY94
O53_5025	L7DY98
O53_5030	L7DYA0
O53_5035	L7DYA4
O53_5040	L7DYA8
O53_5050	L7DYB7
O53_5060	L7DYC4
O53_5065	L7DYC8
O53_5075	L7DYD5
O53_5080	L7DYD7
O53_5090	L7DYE7
O53_5095	L7DYF1
O53_5100	L7DYF5
O53_5110	L7DYG3
O53_5115	L7DYG8
O53_5120	L7DYH2
O53_5125	L7DYH7
O53_5130	L7DYI2
O53_5140	L7DYJ3
O53_5145	L7DYJ6
O53_5155	L7DYK6
O53_5165	L7DYL7
O53_5170	L7DYM2
O53_5175	L7DYM7
O53_5185	L7DYN9
O53_5190	L7DYP3
O53_5195	L7DYP8
O53_5200	L7DYQ3
O53_5220	L7DYS3
O53_5230	L7DYT2
O53_5240	L7DYU2
O53_5245	L7DYU6
O53_5250	L7DYV0
O53_5255	L7DYV5
O53_5260	L7DYV9
O53_5265	L7DYW3
O53_5270	L7DYW8
O53_5275	L7DYX2
O53_5280	L7DYX8
O53_5285	L7DYY4
O53_4919	L7DYY6
O53_5290	L7DYY9
O53_4924	L7DYZ2
O53_4929	L7DYZ7
O53_5300	L7DZ02
O53_4934	L7DZ04
O53_5305	L7DZ08
O53_4939	L7DZ09
O53_4944	L7DZ15
O53_5310	L7DZ16
O53_5315	L7DZ21
O53_4949	L7DZ23
O53_5320	L7DZ27
O53_5325	L7DZ31
O53_5330	L7DZ35
O53_4954	L7DZ39
O53_5335	L7DZ40
O53_5340	L7DZ44
O53_4959	L7DZ52
O53_4964	L7DZ57
O53_5355	L7DZ62
O53_4974	L7DZ65
O53_5360	L7DZ67
O53_4979	L7DZ70
O53_5365	L7DZ72
O53_4984	L7DZ74
O53_5370	L7DZ77
O53_5375	L7DZ82
O53_4994	L7DZ86
O53_4999	L7DZ88
O53_5385	L7DZ92
O53_5009	L7DZ97
O53_5390	L7DZ98
O53_5014	L7DZA1
O53_5395	L7DZA3
O53_5019	L7DZA4
O53_5400	L7DZA9
O53_5029	L7DZB3
O53_4235	L7DZB6
O53_5034	L7DZB7
O53_5039	L7DZB9
O53_4240	L7DZC2
O53_5044	L7DZC4
O53_4245	L7DZC8
O53_5054	L7DZD2
O53_5059	L7DZD7
O53_4255	L7DZD9
O53_5064	L7DZE1
O53_4260	L7DZE6
O53_4265	L7DZF3
O53_4270	L7DZF7
O53_5084	L7DZG0
O53_4275	L7DZG3
O53_5089	L7DZG5
O53_5094	L7DZG7
O53_4280	L7DZG9
O53_5099	L7DZH2
O53_5114	L7DZI3
O53_4285	L7DZI6
O53_5119	L7DZI9
O53_4921	L7DZJ0
O53_5124	L7DZJ3
O53_4926	L7DZJ4
O53_4290	L7DZJ8
O53_4931	L7DZK0
O53_4295	L7DZK1
O53_4300	L7DZK5
O53_5139	L7DZK7
O53_4305	L7DZK9
O53_5144	L7DZL2
O53_4315	L7DZL7
O53_4946	L7DZL9
O53_4320	L7DZM0
O53_4325	L7DZM4
O53_4951	L7DZM5
O53_5159	L7DZM7
O53_4330	L7DZM9
O53_4335	L7DZN2
O53_5164	L7DZN3
O53_4340	L7DZN4
O53_5169	L7DZN5
O53_4345	L7DZN8
O53_5174	L7DZN9
O53_4956	L7DZP4
O53_4355	L7DZP5
O53_5184	L7DZP7
O53_4360	L7DZP8
O53_4365	L7DZQ0
O53_4961	L7DZQ1
O53_5189	L7DZQ2
O53_4370	L7DZQ5
O53_4375	L7DZQ9
O53_4966	L7DZR0
O53_5199	L7DZR1
O53_4380	L7DZR3
O53_4971	L7DZR4
O53_4385	L7DZR6
O53_5204	L7DZR9
O53_4390	L7DZS0
O53_4981	L7DZS2
O53_5209	L7DZS4
O53_4986	L7DZS6
O53_5214	L7DZS7
O53_4400	L7DZS8
O53_4991	L7DZT0
O53_4405	L7DZT2
O53_4996	L7DZT3
O53_5001	L7DZT7
O53_5006	L7DZU1
O53_5229	L7DZU5
O53_5021	L7DZV1
O53_4430	L7DZV2
O53_5239	L7DZV4
O53_5026	L7DZV5
O53_4435	L7DZV6
O53_5244	L7DZV7
O53_5249	L7DZW2
O53_5036	L7DZW3
O53_4445	L7DZW6
O53_5041	L7DZW7
O53_5254	L7DZW8
O53_4450	L7DZW9
O53_5046	L7DZX1
O53_5259	L7DZX4
O53_4455	L7DZX5
O53_5051	L7DZX6
O53_5056	L7DZX9
O53_5061	L7DZY3
O53_5269	L7DZY6
O53_5066	L7DZY7
O53_5274	L7DZZ1
O53_5071	L7DZZ2
O53_5076	L7DZZ6
O53_4481	L7DZZ9
O53_5284	L7E003
O53_5086	L7E004
O53_5091	L7E008
O53_5289	L7E010
O53_4492	L7E011
O53_5096	L7E014
O53_4497	L7E015
O53_5101	L7E018
O53_5106	L7E021
O53_5299	L7E023
O53_5111	L7E025
O53_4507	L7E026
O53_5304	L7E028
O53_5116	L7E029
O53_4512	L7E031
O53_5309	L7E034
O53_5126	L7E038
O53_4522	L7E039
O53_5314	L7E040
O53_5131	L7E043
O53_4528	L7E044
O53_5319	L7E046
O53_4533	L7E048
O53_4928	L7E050
O53_5141	L7E052
O53_4538	L7E053
O53_4933	L7E055
O53_5329	L7E057
O53_4938	L7E060
O53_5151	L7E061
O53_4548	L7E063
O53_5334	L7E064
O53_5156	L7E065
O53_4553	L7E066
O53_4943	L7E068
O53_5161	L7E069
O53_4558	L7E071
O53_4948	L7E073
O53_5344	L7E077
O53_5171	L7E078
O53_4568	L7E079
O53_5176	L7E082
O53_4573	L7E083
O53_5181	L7E085
O53_5354	L7E086
O53_4578	L7E087
O53_5186	L7E089
O53_4583	L7E090
O53_4953	L7E091
O53_5359	L7E093
O53_5191	L7E094
O53_5196	L7E097
O53_5201	L7E0A1
O53_5369	L7E0A2
O53_4598	L7E0A4
O53_5206	L7E0A5
O53_4958	L7E0A6
O53_4603	L7E0A8
O53_5374	L7E0A9
O53_5211	L7E0B0
O53_4963	L7E0B1
O53_5216	L7E0B4
O53_4613	L7E0B7
O53_5221	L7E0B8
O53_4973	L7E0C0
O53_5384	L7E0C1
O53_4618	L7E0C4
O53_4978	L7E0C5
O53_5389	L7E0C8
O53_4623	L7E0C9
O53_4983	L7E0D0
O53_5236	L7E0D1
O53_4629	L7E0D3
O53_4988	L7E0D4
O53_5394	L7E0D5
O53_4993	L7E0D7
O53_4634	L7E0D9
O53_4998	L7E0E0
O53_5246	L7E0E1
O53_5399	L7E0E3
O53_4639	L7E0E4
O53_5003	L7E0E5
O53_5251	L7E0E6
O53_5008	L7E0E8
O53_5404	L7E0E9
O53_4644	L7E0F0
O53_5256	L7E0F1
O53_5013	L7E0F2
O53_5018	L7E0F4
O53_4649	L7E0F5
O53_5261	L7E0F6
O53_4239	L7E0F7
O53_5023	L7E0F9
O53_5266	L7E0G0
O53_5028	L7E0G2
O53_4244	L7E0G3
O53_5271	L7E0G5
O53_4659	L7E0G6
O53_5033	L7E0G7
O53_5038	L7E0H0
O53_4664	L7E0H2
O53_5043	L7E0H3
O53_5281	L7E0H5
O53_4254	L7E0H6
O53_5048	L7E0H7
O53_4669	L7E0H8
O53_5286	L7E0I0
O53_5053	L7E0I1
O53_4674	L7E0I3
O53_5058	L7E0I5
O53_5291	L7E0I6
O53_4679	L7E0I7
O53_5063	L7E0I9
O53_4264	L7E0J0
O53_5068	L7E0J2
O53_4684	L7E0J4
O53_5301	L7E0J5
O53_4689	L7E0J9
O53_5078	L7E0K1
O53_4274	L7E0K2
O53_4694	L7E0K4
O53_5083	L7E0K5
O53_5311	L7E0K6
O53_4699	L7E0K8
O53_4279	L7E0L0
O53_5093	L7E0L1
O53_5316	L7E0L2
O53_5098	L7E0L5
O53_5321	L7E0L6
O53_5103	L7E0L7
O53_4709	L7E0L9
O53_5326	L7E0M0
O53_5108	L7E0M1
O53_4714	L7E0M3
O53_4719	L7E0M8
O53_5336	L7E0N0
O53_4724	L7E0N2
O53_5123	L7E0N3
O53_5341	L7E0N4
O53_4729	L7E0N6
O53_5128	L7E0N7
O53_4289	L7E0P0
O53_5133	L7E0P1
O53_4734	L7E0P2
O53_4294	L7E0P3
O53_5138	L7E0P5
O53_5351	L7E0P6
O53_4739	L7E0P7
O53_4299	L7E0P8
O53_5143	L7E0P9
O53_5148	L7E0Q3
O53_4304	L7E0Q4
O53_5361	L7E0Q6
O53_4309	L7E0Q7
O53_5153	L7E0Q8
O53_4749	L7E0R0
O53_4314	L7E0R2
O53_5366	L7E0R3
O53_5163	L7E0R6
O53_4319	L7E0R7
O53_5371	L7E0R8
O53_4324	L7E0R9
O53_4759	L7E0S2
O53_5376	L7E0S4
O53_5173	L7E0S6
O53_4764	L7E0S8
O53_5178	L7E0T1
O53_5381	L7E0T2
O53_4769	L7E0T3
O53_4344	L7E0T4
O53_5183	L7E0T6
O53_4774	L7E0T7
O53_4349	L7E0T8
O53_5386	L7E0T9
O53_5188	L7E0U0
O53_4354	L7E0U2
O53_4779	L7E0U3
O53_5391	L7E0U4
O53_5193	L7E0U5
O53_4359	L7E0U6
O53_4784	L7E0U8
O53_5198	L7E0U9
O53_5396	L7E0V0
O53_5203	L7E0V4
O53_5401	L7E0V5
O53_4374	L7E0V6
O53_5208	L7E0V7
O53_4379	L7E0V9
O53_5213	L7E0W0
O53_4236	L7E0W2
O53_5218	L7E0W4
O53_4389	L7E0W6
O53_4789	L7E0W7
O53_4241	L7E0W8
O53_4394	L7E0X0
O53_5228	L7E0X2
O53_4399	L7E0X3
O53_4246	L7E0X4
O53_5233	L7E0X6
O53_4404	L7E0X7
O53_4251	L7E0X8
O53_5238	L7E0Y2
O53_4799	L7E0Y3
O53_4414	L7E0Y4
O53_5243	L7E0Y5
O53_4256	L7E0Y7
O53_4804	L7E0Y8
O53_4419	L7E0Y9
O53_5248	L7E0Z0
O53_4261	L7E0Z2
O53_4424	L7E0Z3
O53_4809	L7E0Z4
O53_4429	L7E0Z6
O53_4814	L7E0Z7
O53_4266	L7E0Z9
O53_4434	L7E101
O53_4819	L7E102
O53_4271	L7E104
O53_4824	L7E105
O53_5263	L7E107
O53_4276	L7E109
O53_4444	L7E112
O53_4834	L7E113
O53_4281	L7E115
O53_5273	L7E116
O53_4449	L7E117
O53_4839	L7E118
O53_4454	L7E119
O53_5278	L7E120
O53_4844	L7E122
O53_4460	L7E123
O53_4849	L7E125
O53_4465	L7E127
O53_4854	L7E128
O53_4470	L7E130
O53_5288	L7E131
O53_4286	L7E132
O53_4859	L7E133
O53_4475	L7E134
O53_5293	L7E135
O53_4864	L7E137
O53_5298	L7E139
O53_4869	L7E140
O53_4486	L7E142
O53_4291	L7E143
O53_4874	L7E144
O53_5303	L7E145
O53_5308	L7E149
O53_4496	L7E150
O53_4296	L7E151
O53_4884	L7E152
O53_4917	L7E153
O53_5313	L7E154
O53_4301	L7E155
O53_4501	L7E156
O53_4889	L7E157
O53_4922	L7E158
O53_4306	L7E159
O53_4894	L7E160
O53_5318	L7E162
O53_4311	L7E163
O53_4511	L7E165
O53_4927	L7E166
O53_5323	L7E167
O53_4316	L7E168
O53_4904	L7E169
O53_4932	L7E171
O53_5328	L7E172
O53_4321	L7E173
O53_4909	L7E174
O53_4914	L7E177
O53_4326	L7E178
O53_5333	L7E179
O53_4527	L7E180
O53_1994	L7E182
O53_5338	L7E183
O53_4942	L7E184
O53_4532	L7E186
O53_1999	L7E187
O53_4341	L7E189
O53_4537	L7E190
O53_2004	L7E191
O53_4947	L7E192
O53_4346	L7E193
O53_2009	L7E194
O53_4542	L7E195
O53_4351	L7E197
O53_2014	L7E198
O53_4356	L7E1A0
O53_2019	L7E1A1
O53_5353	L7E1A2
O53_4361	L7E1A3
O53_4552	L7E1A4
O53_2024	L7E1A5
O53_4366	L7E1A6
O53_5358	L7E1A7
O53_2029	L7E1A8
O53_4557	L7E1A9
O53_4952	L7E1B0
O53_4371	L7E1B1
O53_5363	L7E1B3
O53_4562	L7E1B4
O53_4376	L7E1B5
O53_2039	L7E1B6
O53_4567	L7E1B7
O53_4381	L7E1B8
O53_4386	L7E1C0
O53_4572	L7E1C2
O53_4957	L7E1C3
O53_5373	L7E1C4
O53_4391	L7E1C5
O53_2049	L7E1C7
O53_4577	L7E1C8
O53_4396	L7E1C9
O53_4967	L7E1D0
O53_2054	L7E1D1
O53_4582	L7E1D2
O53_5378	L7E1D3
O53_4401	L7E1D4
O53_4972	L7E1D6
O53_4587	L7E1D8
O53_2064	L7E1E0
O53_4977	L7E1E1
O53_4411	L7E1E2
O53_4592	L7E1E3
O53_4982	L7E1E4
O53_2069	L7E1E5
O53_5388	L7E1E6
O53_2074	L7E1E9
O53_4597	L7E1F0
O53_5393	L7E1F1
O53_2079	L7E1F3
O53_4421	L7E1F4
O53_4997	L7E1F6
O53_5398	L7E1F7
O53_4426	L7E1F8
O53_2084	L7E1F9
O53_5002	L7E1G0
O53_4607	L7E1G1
O53_5007	L7E1G4
O53_5403	L7E1G5
O53_4612	L7E1G6
O53_4436	L7E1G7
O53_2094	L7E1G8
O53_5012	L7E1G9
O53_4238	L7E1H0
O53_5017	L7E1H2
O53_2099	L7E1H3
O53_4441	L7E1H4
O53_5022	L7E1H5
O53_4243	L7E1H7
O53_2104	L7E1H8
O53_4622	L7E1H9
O53_5027	L7E1I0
O53_4451	L7E1I1
O53_2109	L7E1I3
O53_4248	L7E1I4
O53_5032	L7E1I5
O53_4457	L7E1I6
O53_2114	L7E1I7
O53_5037	L7E1I8
O53_4633	L7E1I9
O53_4253	L7E1J0
O53_5042	L7E1J2
O53_4638	L7E1J4
O53_4467	L7E1J5
O53_4258	L7E1J6
O53_5047	L7E1J7
O53_2124	L7E1J8
O53_5052	L7E1J9
O53_4472	L7E1K1
O53_4263	L7E1K2
O53_2129	L7E1K3
O53_4268	L7E1K7
O53_5062	L7E1K8
O53_2134	L7E1K9
O53_4482	L7E1L1
O53_5067	L7E1L2
O53_2139	L7E1L3
O53_4658	L7E1L5
O53_4488	L7E1L6
O53_5072	L7E1L7
O53_2144	L7E1L8
O53_5077	L7E1M0
O53_4493	L7E1M1
O53_4663	L7E1M2
O53_2149	L7E1M3
O53_5082	L7E1M4
O53_4498	L7E1M5
O53_4668	L7E1M6
O53_2154	L7E1M7
O53_5087	L7E1M8
O53_4503	L7E1M9
O53_2159	L7E1N0
O53_5092	L7E1N1
O53_4508	L7E1N3
O53_5097	L7E1N4
O53_4678	L7E1N6
O53_4513	L7E1N7
O53_5102	L7E1N8
O53_4283	L7E1N9
O53_2169	L7E1P1
O53_4518	L7E1P2
O53_4683	L7E1P3
O53_2174	L7E1P5
O53_4523	L7E1P6
O53_2179	L7E1P8
O53_5117	L7E1P9
O53_4529	L7E1Q0
O53_4693	L7E1Q1
O53_4288	L7E1Q2
O53_2184	L7E1Q4
O53_4534	L7E1Q5
O53_4293	L7E1Q7
O53_5127	L7E1Q8
O53_4539	L7E1R0
O53_4703	L7E1R1
O53_2194	L7E1R3
O53_4544	L7E1R4
O53_4298	L7E1R5
O53_5137	L7E1R6
O53_4708	L7E1R7
O53_4549	L7E1R8
O53_2199	L7E1R9
O53_4303	L7E1S0
O53_4713	L7E1S2
O53_4554	L7E1S3
O53_2204	L7E1S5
O53_5147	L7E1S6
O53_4559	L7E1S7
O53_4718	L7E1S8
O53_4313	L7E1S9
O53_2209	L7E1T0
O53_5152	L7E1T1
O53_4564	L7E1T2
O53_5157	L7E1T5
O53_4569	L7E1T7
O53_4728	L7E1T8
O53_4323	L7E1T9
O53_5162	L7E1U0
O53_2219	L7E1U1
O53_4574	L7E1U2
O53_4328	L7E1U3
O53_5167	L7E1U4
O53_4733	L7E1U5
O53_2224	L7E1U6
O53_4333	L7E1U7
O53_4579	L7E1U8
O53_5172	L7E1U9
O53_4738	L7E1V0
O53_2230	L7E1V1
O53_4338	L7E1V2
O53_4584	L7E1V3
O53_4343	L7E1V5
O53_2235	L7E1V6
O53_4743	L7E1V7
O53_4589	L7E1V8
O53_5182	L7E1V9
O53_4348	L7E1W0
O53_5187	L7E1W1
O53_4594	L7E1W4
O53_4353	L7E1W5
O53_5192	L7E1W6
O53_2245	L7E1W7
O53_4599	L7E1W8
O53_4358	L7E1W9
O53_4753	L7E1X0
O53_5197	L7E1X1
O53_4604	L7E1X2
O53_4363	L7E1X3
O53_2250	L7E1X4
O53_4758	L7E1X5
O53_5202	L7E1X6
O53_4368	L7E1X7
O53_2255	L7E1X9
O53_5207	L7E1Y0
O53_4763	L7E1Y1
O53_4373	L7E1Y2
O53_2260	L7E1Y3
O53_4614	L7E1Y4
O53_5212	L7E1Y5
O53_4378	L7E1Y6
O53_4768	L7E1Y7
O53_4619	L7E1Y8
O53_5217	L7E1Y9
O53_2265	L7E1Z1
O53_4625	L7E1Z3
O53_4388	L7E1Z4
O53_5222	L7E1Z5
O53_2270	L7E1Z6
O53_5227	L7E1Z8
O53_4778	L7E1Z9
O53_4630	L7E200
O53_2275	L7E201
O53_4398	L7E202
O53_5232	L7E203
O53_4783	L7E204
O53_2280	L7E206
O53_4403	L7E207
O53_5237	L7E208
O53_4640	L7E209
O53_5242	L7E212
O53_5247	L7E215
O53_2291	L7E216
O53_4418	L7E217
O53_4650	L7E219
O53_4788	L7E220
O53_2296	L7E221
O53_4423	L7E222
O53_5257	L7E223
O53_4428	L7E224
O53_4655	L7E225
O53_2301	L7E226
O53_4433	L7E227
O53_5262	L7E228
O53_4660	L7E229
O53_4438	L7E231
O53_5267	L7E232
O53_4665	L7E233
O53_2311	L7E235
O53_4443	L7E236
O53_4798	L7E237
O53_5272	L7E238
O53_4670	L7E239
O53_4803	L7E241
O53_2316	L7E242
O53_5277	L7E243
O53_4675	L7E244
O53_4453	L7E245
O53_4680	L7E249
O53_4813	L7E250
O53_4459	L7E251
O53_2326	L7E252
O53_5287	L7E253
O53_4685	L7E254
O53_4464	L7E255
O53_4818	L7E256
O53_5292	L7E257
O53_2331	L7E258
O53_4469	L7E259
O53_4690	L7E260
O53_4823	L7E261
O53_5297	L7E262
O53_4474	L7E263
O53_4828	L7E264
O53_2336	L7E265
O53_4695	L7E266
O53_4479	L7E268
O53_5302	L7E269
O53_4838	L7E271
O53_4700	L7E272
O53_4485	L7E273
O53_2346	L7E275
O53_4490	L7E277
O53_4705	L7E278
O53_5312	L7E279
O53_4848	L7E280
O53_2351	L7E281
O53_4495	L7E282
O53_4853	L7E283
O53_4710	L7E284
O53_4500	L7E287
O53_4858	L7E288
O53_4715	L7E289
O53_4505	L7E291
O53_4863	L7E292
O53_2361	L7E293
O53_4720	L7E294
O53_4510	L7E295
O53_4868	L7E296
O53_5327	L7E297
O53_4515	L7E298
O53_4873	L7E299
O53_4725	L7E2A0
O53_5332	L7E2A1
O53_4520	L7E2A3
O53_5337	L7E2A5
O53_4883	L7E2A6
O53_4526	L7E2A7
O53_4735	L7E2A8
O53_4888	L7E2A9
O53_5342	L7E2B0
O53_2366	L7E2B1
O53_4893	L7E2B3
O53_4740	L7E2B4
O53_5347	L7E2B5
O53_4898	L7E2B7
O53_4745	L7E2B8
O53_4903	L7E2B9
O53_5352	L7E2C0
O53_4908	L7E2C1
O53_4541	L7E2C2
O53_4750	L7E2C3
O53_2371	L7E2C4
O53_4913	L7E2C5
O53_5357	L7E2C6
O53_4546	L7E2C7
O53_2376	L7E2C8
O53_1993	L7E2C9
O53_4755	L7E2D0
O53_5362	L7E2D2
O53_4551	L7E2D3
O53_1998	L7E2D4
O53_2386	L7E2D5
O53_4760	L7E2D6
O53_4556	L7E2D7
O53_5367	L7E2D8
O53_2003	L7E2D9
O53_2391	L7E2E0
O53_4561	L7E2E1
O53_2008	L7E2E2
O53_2396	L7E2E3
O53_4765	L7E2E4
O53_4566	L7E2E6
O53_2013	L7E2E7
O53_2401	L7E2E8
O53_2018	L7E2F0
O53_5377	L7E2F2
O53_2406	L7E2F3
O53_2023	L7E2F4
O53_4775	L7E2F5
O53_2028	L7E2F8
O53_2411	L7E2F9
O53_4581	L7E2G0
O53_4780	L7E2G1
O53_2416	L7E2G2
O53_2033	L7E2G4
O53_2421	L7E2G5
O53_4586	L7E2G6
O53_2038	L7E2G7
O53_4785	L7E2G8
O53_5392	L7E2G9
O53_2426	L7E2H0
O53_2431	L7E2H2
O53_5397	L7E2H3
O53_2043	L7E2H4
O53_2436	L7E2H5
O53_4596	L7E2H6
O53_2048	L7E2H7
O53_5402	L7E2H8
O53_2441	L7E2H9
O53_4601	L7E2I0
O53_2053	L7E2I1
O53_4606	L7E2I5
O53_2451	L7E2I6
O53_2058	L7E2I7
O53_4242	L7E2I8
O53_2456	L7E2I9
O53_4611	L7E2J0
O53_2063	L7E2J1
O53_2461	L7E2J2
O53_4795	L7E2J3
O53_2068	L7E2J4
O53_4616	L7E2J5
O53_4247	L7E2J6
O53_2466	L7E2J7
O53_4621	L7E2J9
O53_4252	L7E2K0
O53_4800	L7E2K2
O53_2476	L7E2K5
O53_4257	L7E2K7
O53_2481	L7E2K9
O53_4810	L7E2L0
O53_4632	L7E2L1
O53_4262	L7E2L2
O53_2486	L7E2L3
O53_4815	L7E2L4
O53_4637	L7E2L6
O53_4820	L7E2L7
O53_2491	L7E2L8
O53_4267	L7E2L9
O53_2093	L7E2M0
O53_4642	L7E2M1
O53_4825	L7E2M2
O53_2496	L7E2M3
O53_2098	L7E2M5
O53_4830	L7E2M6
O53_4647	L7E2M7
O53_2501	L7E2M8
O53_4835	L7E2M9
O53_2103	L7E2N0
O53_4277	L7E2N2
O53_4652	L7E2N3
O53_4840	L7E2N4
O53_2108	L7E2N5
O53_2511	L7E2N6
O53_4657	L7E2N8
O53_2516	L7E2N9
O53_2113	L7E2P0
O53_4850	L7E2P1
O53_4662	L7E2P2
O53_2521	L7E2P3
O53_2118	L7E2P4
O53_4855	L7E2P5
O53_4667	L7E2P6
O53_4860	L7E2P7
O53_2526	L7E2P8
O53_2123	L7E2P9
O53_4282	L7E2Q0
O53_4865	L7E2Q1
O53_2128	L7E2Q3
O53_4672	L7E2Q4
O53_4870	L7E2Q5
O53_2133	L7E2Q7
O53_4875	L7E2Q9
O53_2542	L7E2R0
O53_4287	L7E2R1
O53_4880	L7E2R2
O53_2138	L7E2R3
O53_4682	L7E2R4
O53_2547	L7E2R5
O53_4885	L7E2R6
O53_2143	L7E2R8
O53_4687	L7E2R9
O53_2552	L7E2S0
O53_4890	L7E2S1
O53_4297	L7E2S2
O53_2557	L7E2S4
O53_4895	L7E2S6
O53_4697	L7E2T0
O53_4302	L7E2T1
O53_4905	L7E2T2
O53_2567	L7E2T3
O53_4307	L7E2T5
O53_4702	L7E2T6
O53_4910	L7E2T7
O53_2572	L7E2T8
O53_2163	L7E2T9
O53_4915	L7E2U1
O53_4707	L7E2U2
O53_2577	L7E2U3
O53_2168	L7E2U4
O53_1995	L7E2U5
O53_4317	L7E2U6
O53_2000	L7E2U9
O53_2173	L7E2V0
O53_4322	L7E2V1
O53_2588	L7E2V3
O53_4327	L7E2V4
O53_4717	L7E2V5
O53_2178	L7E2V6
O53_2183	L7E2W1
O53_2598	L7E2W2
O53_2015	L7E2W3
O53_4727	L7E2W5
O53_2188	L7E2W6
O53_4342	L7E2W7
O53_2020	L7E2W8
O53_2603	L7E2W9
O53_4347	L7E2X0
O53_2193	L7E2X1
O53_4732	L7E2X2
O53_2608	L7E2X3
O53_2025	L7E2X4
O53_4352	L7E2X5
O53_2198	L7E2X6
O53_2030	L7E2X7
O53_2613	L7E2X8
O53_4357	L7E2Y0
O53_2618	L7E2Y2
O53_2203	L7E2Y3
O53_4362	L7E2Y4
O53_2040	L7E2Y6
O53_2208	L7E2Y7
O53_2623	L7E2Y8
O53_4367	L7E2Y9
O53_2045	L7E2Z0
O53_4372	L7E2Z1
O53_4747	L7E2Z2
O53_2213	L7E2Z3
O53_2628	L7E2Z4
O53_4377	L7E2Z5
O53_2633	L7E2Z6
O53_4752	L7E2Z8
O53_2050	L7E2Z9
O53_4382	L7E300
O53_2223	L7E301
O53_2055	L7E305
O53_2229	L7E306
O53_2644	L7E307
O53_2060	L7E308
O53_4762	L7E310
O53_2234	L7E311
O53_2649	L7E312
O53_4397	L7E313
O53_2065	L7E314
O53_4767	L7E316
O53_2655	L7E317
O53_4402	L7E318
O53_4407	L7E322
O53_4772	L7E323
O53_2075	L7E324
O53_3124	L7E324
O53_2249	L7E325
O53_2666	L7E326
O53_2080	L7E328
O53_4777	L7E329
O53_2254	L7E330
O53_4417	L7E331
O53_2671	L7E332
O53_2085	L7E333
O53_4422	L7E335
O53_2259	L7E336
O53_2676	L7E337
O53_4427	L7E339
O53_2264	L7E340
O53_2681	L7E341
O53_2095	L7E342
O53_2269	L7E343
O53_4432	L7E344
O53_2686	L7E345
O53_4437	L7E346
O53_2100	L7E347
O53_2691	L7E348
O53_2274	L7E349
O53_4442	L7E350
O53_2696	L7E351
O53_2105	L7E353
O53_2279	L7E354
O53_4447	L7E355
O53_2701	L7E356
O53_2110	L7E357
O53_4452	L7E359
O53_2706	L7E360
O53_2115	L7E361
O53_4458	L7E362
O53_2290	L7E364
O53_4792	L7E365
O53_2120	L7E366
O53_2295	L7E368
O53_4797	L7E369
O53_2125	L7E370
O53_2716	L7E371
O53_4802	L7E373
O53_2300	L7E375
O53_2721	L7E376
O53_4807	L7E377
O53_4473	L7E378
O53_2305	L7E379
O53_2135	L7E380
O53_2726	L7E381
O53_4812	L7E382
O53_2140	L7E384
O53_4817	L7E386
O53_4484	L7E388
O53_2145	L7E389
O53_2736	L7E391
O53_4827	L7E394
O53_2150	L7E395
O53_4494	L7E396
O53_2741	L7E397
O53_4832	L7E398
O53_2320	L7E399
O53_2155	L7E3A0
O53_4837	L7E3A1
O53_4499	L7E3A2
O53_2746	L7E3A3
O53_4842	L7E3A4
O53_2325	L7E3A5
O53_4504	L7E3A6
O53_2751	L7E3A8
O53_4847	L7E3A9
O53_2330	L7E3B0
O53_1156	L7E3B1
O53_4509	L7E3B1
O53_2165	L7E3B2
O53_2756	L7E3B4
O53_4514	L7E3B5
O53_2335	L7E3B7
O53_4857	L7E3B8
O53_4519	L7E3C0
O53_4862	L7E3C3
O53_2766	L7E3C4
O53_4867	L7E3C6
O53_2180	L7E3C7
O53_2771	L7E3C8
O53_4530	L7E3C9
O53_4872	L7E3D0
O53_2185	L7E3D1
O53_4535	L7E3D4
O53_2776	L7E3D5
O53_2350	L7E3D7
O53_4882	L7E3D8
O53_4540	L7E3D9
O53_2781	L7E3E1
O53_2355	L7E3E2
O53_2195	L7E3E3
O53_4545	L7E3E4
O53_4892	L7E3E5
O53_2786	L7E3E6
O53_4550	L7E3E7
O53_2200	L7E3E8
O53_4897	L7E3F0
O53_2791	L7E3F1
O53_4555	L7E3F2
O53_2205	L7E3F3
O53_2210	L7E3F5
O53_2796	L7E3F6
O53_4560	L7E3F7
O53_4907	L7E3F8
O53_4565	L7E3F9
O53_2215	L7E3G0
O53_2801	L7E3G1
O53_4912	L7E3G2
O53_4570	L7E3G3
O53_1992	L7E3G4
O53_2806	L7E3G5
O53_2220	L7E3G6
O53_2365	L7E3G7
O53_4575	L7E3G8
O53_2811	L7E3H0
O53_2002	L7E3H1
O53_4580	L7E3H3
O53_2007	L7E3H4
O53_2817	L7E3H5
O53_2231	L7E3H6
O53_2012	L7E3H7
O53_4585	L7E3H8
O53_2370	L7E3I0
O53_2236	L7E3I1
O53_2017	L7E3I3
O53_2022	L7E3I4
O53_2375	L7E3I5
O53_2241	L7E3I6
O53_2828	L7E3I7
O53_4595	L7E3I8
O53_2380	L7E3I9
O53_2027	L7E3J0
O53_2833	L7E3J2
O53_4600	L7E3J3
O53_2385	L7E3J4
O53_2251	L7E3J5
O53_2838	L7E3J7
O53_4605	L7E3J8
O53_2390	L7E3J9
O53_2037	L7E3K0
O53_2256	L7E3K1
O53_4610	L7E3K2
O53_2395	L7E3K3
O53_2843	L7E3K4
O53_2042	L7E3K5
O53_2261	L7E3K7
O53_4615	L7E3K8
O53_2047	L7E3L0
O53_2405	L7E3L1
O53_4620	L7E3L2
O53_2266	L7E3L3
O53_2052	L7E3L4
O53_2410	L7E3L5
O53_2853	L7E3L6
O53_2415	L7E3L8
O53_2057	L7E3L9
O53_2271	L7E3M0
O53_2859	L7E3M1
O53_2420	L7E3M2
O53_4631	L7E3M3
O53_2062	L7E3M4
O53_2276	L7E3M5
O53_2864	L7E3M6
O53_2425	L7E3M7
O53_2067	L7E3M9
O53_2430	L7E3N0
O53_2281	L7E3N1
O53_2072	L7E3N2
O53_2869	L7E3N3
O53_4641	L7E3N4
O53_2435	L7E3N5
O53_2287	L7E3N6
O53_4646	L7E3N7
O53_2077	L7E3N8
O53_2440	L7E3N9
O53_2292	L7E3P0
O53_2445	L7E3P1
O53_2082	L7E3P2
O53_2450	L7E3P4
O53_2297	L7E3P6
O53_4656	L7E3P7
O53_2092	L7E3P9
O53_4661	L7E3Q0
O53_2874	L7E3Q1
O53_2460	L7E3Q3
O53_2097	L7E3Q4
O53_2465	L7E3Q6
O53_2102	L7E3Q8
O53_2470	L7E3Q9
O53_4671	L7E3R1
O53_2312	L7E3R2
O53_2107	L7E3R3
O53_2112	L7E3R5
O53_2884	L7E3R6
O53_2480	L7E3R7
O53_2317	L7E3R9
O53_2485	L7E3S0
O53_2889	L7E3S1
O53_2117	L7E3S2
O53_2322	L7E3S4
O53_2490	L7E3S5
O53_2894	L7E3S6
O53_2122	L7E3S7
O53_2899	L7E3S8
O53_2495	L7E3S9
O53_4686	L7E3T0
O53_2327	L7E3T1
O53_2127	L7E3T2
O53_2500	L7E3T4
O53_4691	L7E3T5
O53_2332	L7E3T6
O53_2132	L7E3T7
O53_2909	L7E3T8
O53_2505	L7E3T9
O53_4696	L7E3U0
O53_2914	L7E3U1
O53_2337	L7E3U2
O53_2510	L7E3U3
O53_2137	L7E3U4
O53_2919	L7E3U5
O53_4701	L7E3U6
O53_2342	L7E3U7
O53_2142	L7E3V0
O53_2520	L7E3V1
O53_4706	L7E3V2
O53_2347	L7E3V3
O53_2935	L7E3V6
O53_2525	L7E3V7
O53_4711	L7E3V8
O53_2352	L7E3V9
O53_2152	L7E3W1
O53_2530	L7E3W2
O53_2357	L7E3W3
O53_4716	L7E3W4
O53_2945	L7E3W5
O53_2157	L7E3W6
O53_2535	L7E3W7
O53_2950	L7E3W8
O53_2362	L7E3X0
O53_2956	L7E3X1
O53_2540	L7E3X2
O53_2162	L7E3X3
O53_4726	L7E3X4
O53_2961	L7E3X5
O53_2546	L7E3X6
O53_2966	L7E3X8
O53_4731	L7E3X9
O53_2551	L7E3Y0
O53_2971	L7E3Y2
O53_4736	L7E3Y3
O53_2556	L7E3Y4
O53_2976	L7E3Y5
O53_2367	L7E3Y7
O53_2561	L7E3Y8
O53_2981	L7E3Y9
O53_2566	L7E3Z1
O53_2182	L7E3Z3
O53_4746	L7E3Z4
O53_2991	L7E3Z6
O53_2187	L7E3Z9
O53_2996	L7E400
O53_2576	L7E401
O53_2377	L7E402
O53_2192	L7E403
O53_3001	L7E405
O53_2581	L7E406
O53_2197	L7E408
O53_2587	L7E410
O53_4761	L7E412
O53_2202	L7E413
O53_2392	L7E416
O53_4766	L7E417
O53_2597	L7E419
O53_3016	L7E421
O53_2602	L7E423
O53_4771	L7E424
O53_2212	L7E425
O53_3021	L7E426
O53_2607	L7E428
O53_2217	L7E430
O53_4776	L7E431
O53_2412	L7E432
O53_2612	L7E433
O53_3031	L7E434
O53_2417	L7E435
O53_2222	L7E436
O53_4781	L7E437
O53_2617	L7E438
O53_3036	L7E439
O53_2422	L7E440
O53_2228	L7E441
O53_757	L7E441
O53_3041	L7E443
O53_2427	L7E444
O53_2233	L7E445
O53_2432	L7E446
O53_3046	L7E447
O53_2437	L7E449
O53_3051	L7E450
O53_2238	L7E451
O53_2632	L7E452
O53_2442	L7E453
O53_3056	L7E454
O53_2243	L7E456
O53_2638	L7E457
O53_2447	L7E458
O53_3061	L7E459
O53_2248	L7E460
O53_2643	L7E461
O53_2452	L7E462
O53_3066	L7E463
O53_2457	L7E464
O53_2648	L7E465
O53_3071	L7E467
O53_2462	L7E468
O53_4791	L7E471
O53_3076	L7E472
O53_2467	L7E473
O53_4796	L7E474
O53_2660	L7E475
O53_2472	L7E476
O53_3081	L7E477
O53_2263	L7E478
O53_4801	L7E479
O53_5168	L7E479
O53_3086	L7E480
O53_2477	L7E481
O53_2665	L7E482
O53_4806	L7E483
O53_2268	L7E484
O53_2482	L7E485
O53_3091	L7E486
O53_2670	L7E488
O53_2487	L7E489
O53_3096	L7E490
O53_4816	L7E492
O53_2675	L7E494
O53_3101	L7E495
O53_2497	L7E496
O53_4821	L7E497
O53_3106	L7E498
O53_2502	L7E499
O53_2278	L7E4A0
O53_4826	L7E4A1
O53_2680	L7E4A2
O53_3111	L7E4A3
O53_4831	L7E4A5
O53_2685	L7E4A6
O53_2283	L7E4A7
O53_2512	L7E4A8
O53_2690	L7E4B1
O53_2517	L7E4B2
O53_3121	L7E4B3
O53_2695	L7E4B6
O53_2522	L7E4B7
O53_3126	L7E4B9
O53_2294	L7E4C0
O53_2700	L7E4C1
O53_2527	L7E4C2
O53_4851	L7E4C3
O53_4856	L7E4C5
O53_2299	L7E4C6
O53_2705	L7E4C7
O53_2532	L7E4C8
O53_4861	L7E4D0
O53_2304	L7E4D2
O53_4866	L7E4D4
O53_3142	L7E4D5
O53_2715	L7E4D6
O53_2543	L7E4D7
O53_4871	L7E4D9
O53_3147	L7E4E0
O53_2720	L7E4E1
O53_2548	L7E4E2
O53_4876	L7E4E3
O53_3152	L7E4E4
O53_2314	L7E4E5
O53_4881	L7E4E6
O53_2553	L7E4E7
O53_2725	L7E4E8
O53_4886	L7E4E9
O53_3157	L7E4F0
O53_2319	L7E4F1
O53_2558	L7E4F2
O53_2730	L7E4F3
O53_4891	L7E4F4
O53_3163	L7E4F5
O53_2563	L7E4F6
O53_2324	L7E4F7
O53_2735	L7E4F8
O53_4896	L7E4F9
O53_3168	L7E4G0
O53_2568	L7E4G1
O53_4901	L7E4G2
O53_2329	L7E4G3
O53_2740	L7E4G4
O53_3173	L7E4G5
O53_4906	L7E4G7
O53_2334	L7E4G8
O53_2745	L7E4G9
O53_4911	L7E4H1
O53_2578	L7E4H2
O53_2750	L7E4H3
O53_2339	L7E4H4
O53_4916	L7E4H5
O53_2584	L7E4H6
O53_3183	L7E4H7
O53_2755	L7E4H8
O53_1996	L7E4H9
O53_2344	L7E4I1
O53_3188	L7E4I2
O53_2001	L7E4I3
O53_2760	L7E4I4
O53_2349	L7E4I6
O53_2006	L7E4I7
O53_3193	L7E4I8
O53_2765	L7E4I9
O53_2599	L7E4J0
O53_2011	L7E4J1
O53_2354	L7E4J3
O53_2604	L7E4J6
O53_3203	L7E4J7
O53_2359	L7E4J8
O53_2775	L7E4J9
O53_2609	L7E4K0
O53_2021	L7E4K1
O53_3208	L7E4K2
O53_2614	L7E4K3
O53_2780	L7E4K4
O53_2026	L7E4K5
O53_3213	L7E4K6
O53_2785	L7E4K7
O53_2619	L7E4K8
O53_2031	L7E4K9
O53_3219	L7E4L0
O53_2036	L7E4L1
O53_3224	L7E4L4
O53_2041	L7E4L5
O53_2364	L7E4L6
O53_2629	L7E4L7
O53_3229	L7E4L9
O53_2635	L7E4M1
O53_2051	L7E4M4
O53_2640	L7E4M5
O53_3239	L7E4M6
O53_2056	L7E4M7
O53_2805	L7E4M8
O53_2645	L7E4M9
O53_2369	L7E4N0
O53_3244	L7E4N1
O53_2061	L7E4N2
O53_2650	L7E4N4
O53_2374	L7E4N5
O53_2066	L7E4N7
O53_2379	L7E4N8
O53_2656	L7E4N9
O53_2071	L7E4P0
O53_2816	L7E4P1
O53_3254	L7E4P2
O53_2662	L7E4P4
O53_2076	L7E4P5
O53_2821	L7E4P6
O53_3259	L7E4P8
O53_2081	L7E4P9
O53_2827	L7E4Q1
O53_2394	L7E4Q2
O53_3264	L7E4Q3
O53_2086	L7E4Q4
O53_2672	L7E4Q5
O53_2399	L7E4Q6
O53_2832	L7E4Q7
O53_2091	L7E4Q8
O53_3269	L7E4Q9
O53_2404	L7E4R0
O53_2096	L7E4R3
O53_2409	L7E4R4
O53_3274	L7E4R5
O53_2682	L7E4R6
O53_2414	L7E4R7
O53_2101	L7E4R8
O53_2842	L7E4R9
O53_2419	L7E4S0
O53_3279	L7E4S2
O53_2106	L7E4S3
O53_2847	L7E4S4
O53_2424	L7E4S5
O53_3284	L7E4S6
O53_2692	L7E4S7
O53_2111	L7E4S8
O53_2429	L7E4S9
O53_2852	L7E4T0
O53_3289	L7E4T1
O53_2116	L7E4T2
O53_2434	L7E4T4
O53_2857	L7E4T6
O53_2439	L7E4T7
O53_2121	L7E4T8
O53_2444	L7E4U0
O53_2126	L7E4U1
O53_3299	L7E4U2
O53_2863	L7E4U3
O53_2707	L7E4U4
O53_2868	L7E4U9
O53_2454	L7E4V0
O53_2136	L7E4V1
O53_2717	L7E4V2
O53_2459	L7E4V4
O53_2141	L7E4V5
O53_2722	L7E4V6
O53_2464	L7E4V7
O53_3314	L7E4V8
O53_2146	L7E4V9
O53_2469	L7E4W0
O53_2727	L7E4W1
O53_2151	L7E4W2
O53_2873	L7E4W4
O53_2474	L7E4W5
O53_2156	L7E4W6
O53_3325	L7E4W8
O53_2479	L7E4W9
O53_2737	L7E4X1
O53_2878	L7E4X2
O53_2484	L7E4X4
O53_2166	L7E4X5
O53_2742	L7E4X6
O53_3335	L7E4X8
O53_2494	L7E4Y0
O53_2747	L7E4Y1
O53_2883	L7E4Y2
O53_2176	L7E4Y5
O53_3346	L7E4Y9
O53_2181	L7E4Z0
O53_2893	L7E4Z1
O53_2757	L7E4Z3
O53_3351	L7E4Z4
O53_2898	L7E4Z5
O53_2514	L7E4Z6
O53_2186	L7E4Z7
O53_2762	L7E4Z8
O53_3356	L7E4Z9
O53_2519	L7E500
O53_2903	L7E501
O53_2908	L7E504
O53_2767	L7E505
O53_3361	L7E506
O53_2196	L7E507
O53_2913	L7E508
O53_2529	L7E509
O53_2772	L7E510
O53_2201	L7E511
O53_2918	L7E512
O53_3367	L7E513
O53_2777	L7E514
O53_2534	L7E515
O53_2923	L7E516
O53_2206	L7E517
O53_3372	L7E518
O53_2929	L7E520
O53_2782	L7E521
O53_2211	L7E522
O53_2934	L7E523
O53_2545	L7E524
O53_147	L7E525
O53_646	L7E525
O53_3377	L7E525
O53_2787	L7E526
O53_2939	L7E527
O53_2216	L7E528
O53_2550	L7E529
O53_2944	L7E530
O53_2792	L7E531
O53_2555	L7E533
O53_2797	L7E535
O53_2227	L7E536
O53_2560	L7E537
O53_2955	L7E538
O53_2565	L7E539
O53_2232	L7E540
O53_2802	L7E542
O53_3382	L7E543
O53_2965	L7E544
O53_2570	L7E545
O53_2237	L7E546
O53_2807	L7E547
O53_2970	L7E548
O53_2575	L7E549
O53_2242	L7E550
O53_2975	L7E551
O53_2812	L7E552
O53_2580	L7E553
O53_2247	L7E554
O53_2818	L7E556
O53_2586	L7E557
O53_3387	L7E558
O53_2985	L7E559
O53_2990	L7E562
O53_3392	L7E563
O53_2995	L7E565
O53_2596	L7E567
O53_3397	L7E568
O53_2829	L7E569
O53_3000	L7E570
O53_3402	L7E571
O53_2601	L7E572
O53_2262	L7E573
O53_3005	L7E574
O53_3407	L7E576
O53_2834	L7E577
O53_3010	L7E578
O53_2267	L7E579
O53_2611	L7E580
O53_3413	L7E581
O53_2839	L7E583
O53_2272	L7E584
O53_2616	L7E585
O53_3418	L7E586
O53_2844	L7E588
O53_3423	L7E589
O53_2621	L7E590
O53_2277	L7E591
O53_3025	L7E592
O53_3428	L7E593
O53_2626	L7E594
O53_3030	L7E595
O53_3035	L7E599
O53_2288	L7E5A1
O53_2854	L7E5A2
O53_3438	L7E5A3
O53_2637	L7E5A5
O53_3444	L7E5A6
O53_2293	L7E5A8
O53_3045	L7E5A9
O53_2642	L7E5B0
O53_3449	L7E5B1
O53_2865	L7E5B3
O53_2298	L7E5B4
O53_2647	L7E5B5
O53_3050	L7E5B6
O53_3055	L7E5B8
O53_2870	L7E5B9
O53_2303	L7E5C0
O53_2652	L7E5C1
O53_3464	L7E5C2
O53_3060	L7E5C3
O53_2308	L7E5C5
O53_3065	L7E5C7
O53_3474	L7E5C8
O53_2664	L7E5C9
O53_2313	L7E5D0
O53_3479	L7E5D1
O53_3070	L7E5D2
O53_2669	L7E5D3
O53_3075	L7E5D6
O53_2875	L7E5D7
O53_2674	L7E5D8
O53_3489	L7E5D9
O53_2323	L7E5E0
O53_3080	L7E5E1
O53_2679	L7E5E2
O53_3494	L7E5E3
O53_3085	L7E5E4
O53_2328	L7E5E5
O53_3499	L7E5E6
O53_2684	L7E5E7
O53_3090	L7E5E8
O53_3504	L7E5E9
O53_2333	L7E5F0
O53_2689	L7E5F1
O53_3095	L7E5F2
O53_2880	L7E5F4
O53_2338	L7E5F5
O53_2694	L7E5F6
O53_3514	L7E5F7
O53_3100	L7E5F8
O53_2885	L7E5F9
O53_2343	L7E5G1
O53_3519	L7E5G2
O53_2890	L7E5G3
O53_3105	L7E5G4
O53_2895	L7E5G5
O53_2704	L7E5G7
O53_2348	L7E5G8
O53_3110	L7E5G9
O53_3529	L7E5H1
O53_2709	L7E5H2
O53_3115	L7E5H3
O53_2714	L7E5H7
O53_3120	L7E5H9
O53_3539	L7E5I0
O53_2358	L7E5I1
O53_2915	L7E5I2
O53_2719	L7E5I3
O53_3544	L7E5I5
O53_2920	L7E5I6
O53_2724	L7E5I7
O53_2925	L7E5I8
O53_3549	L7E5I9
O53_3131	L7E5J0
O53_2931	L7E5J1
O53_3136	L7E5J4
O53_2936	L7E5J5
O53_2734	L7E5J7
O53_2941	L7E5J8
O53_3141	L7E5J9
O53_2946	L7E5K1
O53_3565	L7E5K2
O53_2739	L7E5K3
O53_3146	L7E5K4
O53_2951	L7E5K5
O53_3570	L7E5K6
O53_3151	L7E5K8
O53_2957	L7E5K9
O53_3575	L7E5L0
O53_2962	L7E5L2
O53_2373	L7E5L6
O53_2967	L7E5L7
O53_3585	L7E5L9
O53_2754	L7E5M0
O53_2972	L7E5M1
O53_3590	L7E5M2
O53_2977	L7E5M3
O53_3167	L7E5M4
O53_2759	L7E5M5
O53_2378	L7E5M6
O53_3595	L7E5M7
O53_2982	L7E5M8
O53_3172	L7E5M9
O53_2383	L7E5N1
O53_3600	L7E5N2
O53_2987	L7E5N3
O53_2769	L7E5N5
O53_2388	L7E5N6
O53_2992	L7E5N7
O53_3605	L7E5N8
O53_2393	L7E5N9
O53_2774	L7E5P0
O53_2997	L7E5P1
O53_3182	L7E5P2
O53_3610	L7E5P3
O53_2398	L7E5P4
O53_3002	L7E5P5
O53_2779	L7E5P6
O53_3615	L7E5P7
O53_3187	L7E5P8
O53_2403	L7E5P9
O53_3620	L7E5Q2
O53_2408	L7E5Q3
O53_3192	L7E5Q4
O53_3012	L7E5Q5
O53_2413	L7E5Q6
O53_3625	L7E5Q7
O53_2789	L7E5Q8
O53_3197	L7E5Q9
O53_3017	L7E5R0
O53_2418	L7E5R1
O53_3022	L7E5R4
O53_2423	L7E5R6
O53_3635	L7E5R7
O53_3027	L7E5R8
O53_2428	L7E5R9
O53_2799	L7E5S0
O53_3640	L7E5S3
O53_2433	L7E5S4
O53_3037	L7E5S5
O53_2804	L7E5S6
O53_2438	L7E5S7
O53_3645	L7E5S8
O53_3212	L7E5S9
O53_3042	L7E5T0
O53_2809	L7E5T1
O53_2443	L7E5T2
O53_3650	L7E5T3
O53_3218	L7E5T4
O53_3047	L7E5T5
O53_3655	L7E5T7
O53_2815	L7E5T8
O53_3223	L7E5U0
O53_2453	L7E5U1
O53_3660	L7E5U2
O53_3228	L7E5U4
O53_3057	L7E5U5
O53_2458	L7E5U6
O53_3665	L7E5U7
O53_2463	L7E5U8
O53_3062	L7E5U9
O53_2826	L7E5V1
O53_3670	L7E5V2
O53_2468	L7E5V3
O53_3067	L7E5V4
O53_3238	L7E5V5
O53_2831	L7E5V6
O53_3675	L7E5V7
O53_3072	L7E5V9
O53_3243	L7E5W0
O53_2836	L7E5W1
O53_3680	L7E5W2
O53_2478	L7E5W3
O53_3248	L7E5W5
O53_2483	L7E5W7
O53_3685	L7E5W8
O53_2488	L7E5W9
O53_3253	L7E5X0
O53_3082	L7E5X1
O53_2846	L7E5X2
O53_3690	L7E5X3
O53_2493	L7E5X4
O53_3087	L7E5X5
O53_3695	L7E5X6
O53_3258	L7E5X7
O53_2498	L7E5X9
O53_3092	L7E5Y0
O53_2503	L7E5Y1
O53_3700	L7E5Y2
O53_2856	L7E5Y3
O53_3263	L7E5Y4
O53_2508	L7E5Y5
O53_3097	L7E5Y6
O53_3705	L7E5Y7
O53_2862	L7E5Y8
O53_3268	L7E5Y9
O53_2513	L7E5Z0
O53_3102	L7E5Z1
O53_3711	L7E5Z2
O53_2518	L7E5Z3
O53_2867	L7E5Z4
O53_3107	L7E5Z5
O53_2523	L7E5Z8
O53_3112	L7E5Z9
O53_3721	L7E601
O53_2528	L7E602
O53_3117	L7E603
O53_3728	L7E604
O53_3283	L7E605
O53_2533	L7E606
O53_2538	L7E608
O53_3733	L7E609
O53_3288	L7E610
O53_3127	L7E611
O53_2872	L7E612
O53_2544	L7E613
O53_3133	L7E614
O53_3738	L7E615
O53_3293	L7E616
O53_3138	L7E618
O53_3743	L7E619
O53_2554	L7E620
O53_3298	L7E621
O53_2877	L7E622
O53_3143	L7E623
O53_3748	L7E624
O53_2559	L7E625
O53_3303	L7E626
O53_3148	L7E627
O53_2564	L7E628
O53_3753	L7E630
O53_3153	L7E631
O53_3308	L7E632
O53_2569	L7E633
O53_3158	L7E636
O53_3763	L7E639
O53_3164	L7E640
O53_2892	L7E641
O53_3318	L7E642
O53_2897	L7E644
O53_3169	L7E645
O53_3768	L7E646
O53_3323	L7E647
O53_2585	L7E648
O53_3174	L7E650
O53_3773	L7E651
O53_2590	L7E652
O53_2907	L7E653
O53_3329	L7E654
O53_3179	L7E655
O53_2912	L7E656
O53_3778	L7E657
O53_3334	L7E660
O53_3184	L7E661
O53_3783	L7E662
O53_2600	L7E663
O53_2922	L7E664
O53_3339	L7E665
O53_3189	L7E666
O53_2605	L7E667
O53_3194	L7E671
O53_3345	L7E672
O53_2933	L7E673
O53_3793	L7E674
O53_2615	L7E675
O53_3199	L7E676
O53_2938	L7E677
O53_3350	L7E678
O53_3355	L7E683
O53_3209	L7E685
O53_3803	L7E687
O53_2954	L7E688
O53_3214	L7E690
O53_2630	L7E691
O53_3808	L7E692
O53_3365	L7E694
O53_3220	L7E695
O53_2964	L7E697
O53_3813	L7E698
O53_3225	L7E699
O53_3371	L7E6A0
O53_2969	L7E6A1
O53_3818	L7E6A3
O53_2974	L7E6A5
O53_2646	L7E6A6
O53_2979	L7E6A7
O53_3376	L7E6A8
O53_3823	L7E6A9
O53_3235	L7E6B0
O53_2651	L7E6B1
O53_2984	L7E6B2
O53_3828	L7E6B3
O53_2989	L7E6B4
O53_2657	L7E6B6
O53_3833	L7E6B8
O53_2663	L7E6C0
O53_3838	L7E6C1
O53_2999	L7E6C2
O53_2668	L7E6C4
O53_3004	L7E6C5
O53_3255	L7E6C7
O53_3381	L7E6C8
O53_2673	L7E6C9
O53_3009	L7E6D0
O53_3260	L7E6D1
O53_3848	L7E6D2
O53_2678	L7E6D3
O53_3014	L7E6D4
O53_3265	L7E6D5
O53_3853	L7E6D6
O53_2683	L7E6D7
O53_3019	L7E6D8
O53_3270	L7E6D9
O53_3386	L7E6E0
O53_3024	L7E6E1
O53_2688	L7E6E2
O53_3858	L7E6E3
O53_3275	L7E6E4
O53_3391	L7E6E5
O53_3029	L7E6E6
O53_2693	L7E6E7
O53_3396	L7E6E8
O53_3863	L7E6E9
O53_3280	L7E6F0
O53_3034	L7E6F1
O53_2698	L7E6F2
O53_3868	L7E6F4
O53_3039	L7E6F5
O53_3285	L7E6F6
O53_2703	L7E6F7
O53_3406	L7E6F8
O53_3044	L7E6F9
O53_3290	L7E6G0
O53_2708	L7E6G3
O53_3049	L7E6G4
O53_3295	L7E6G5
O53_3417	L7E6G6
O53_2713	L7E6G7
O53_3878	L7E6G8
O53_3054	L7E6G9
O53_3422	L7E6H0
O53_3300	L7E6H1
O53_3059	L7E6H4
O53_3432	L7E6H6
O53_3064	L7E6H7
O53_3305	L7E6H8
O53_2723	L7E6H9
O53_3437	L7E6I0
O53_3069	L7E6I1
O53_3443	L7E6I2
O53_2728	L7E6I3
O53_3310	L7E6I4
O53_3074	L7E6I5
O53_3448	L7E6I6
O53_3079	L7E6I7
O53_3453	L7E6I8
O53_3315	L7E6I9
O53_2733	L7E6J0
O53_3888	L7E6J1
O53_3458	L7E6J2
O53_3084	L7E6J3
O53_3463	L7E6J4
O53_3089	L7E6J5
O53_3320	L7E6J6
O53_3893	L7E6J8
O53_3468	L7E6J9
O53_3094	L7E6K0
O53_2743	L7E6K2
O53_3473	L7E6K3
O53_3478	L7E6K6
O53_3104	L7E6K7
O53_2748	L7E6K8
O53_3331	L7E6K9
O53_3483	L7E6L0
O53_2753	L7E6L1
O53_3109	L7E6L2
O53_3903	L7E6L3
O53_3488	L7E6L4
O53_3336	L7E6L5
O53_3908	L7E6L6
O53_3493	L7E6L7
O53_3114	L7E6L8
O53_2758	L7E6L9
O53_3498	L7E6M0
O53_3913	L7E6M1
O53_3342	L7E6M2
O53_3119	L7E6M3
O53_3503	L7E6M4
O53_3918	L7E6M5
O53_2763	L7E6M7
O53_3347	L7E6M8
O53_3508	L7E6M9
O53_3923	L7E6N1
O53_2768	L7E6N2
O53_3513	L7E6N3
O53_3928	L7E6N4
O53_3135	L7E6N5
O53_3352	L7E6N6
O53_3933	L7E6N7
O53_2773	L7E6N8
O53_3518	L7E6N9
O53_3140	L7E6P0
O53_3938	L7E6P1
O53_3357	L7E6P2
O53_3523	L7E6P3
O53_2778	L7E6P4
O53_3145	L7E6P5
O53_3943	L7E6P6
O53_3362	L7E6P7
O53_3528	L7E6P8
O53_2783	L7E6P9
O53_3150	L7E6Q0
O53_3948	L7E6Q1
O53_3953	L7E6Q2
O53_3533	L7E6Q3
O53_3155	L7E6Q4
O53_3814	L7E6Q4
O53_3368	L7E6Q6
O53_3959	L7E6Q7
O53_3538	L7E6Q8
O53_3373	L7E6R0
O53_3964	L7E6R1
O53_2793	L7E6R2
O53_3969	L7E6R4
O53_3166	L7E6R5
O53_3548	L7E6R6
O53_3378	L7E6R7
O53_2798	L7E6R8
O53_3974	L7E6R9
O53_3171	L7E6S0
O53_3553	L7E6S1
O53_3979	L7E6S2
O53_2803	L7E6S3
O53_3984	L7E6S5
O53_3989	L7E6S7
O53_2808	L7E6S8
O53_3564	L7E6S9
O53_3181	L7E6T0
O53_2814	L7E6T3
O53_3383	L7E6T5
O53_3574	L7E6T6
O53_3999	L7E6T7
O53_3191	L7E6T9
O53_4004	L7E6U0
O53_3579	L7E6U1
O53_2825	L7E6U2
O53_4009	L7E6U3
O53_3196	L7E6U4
O53_3388	L7E6U5
O53_2830	L7E6U7
O53_4014	L7E6U8
O53_3201	L7E6U9
O53_4019	L7E6V1
O53_3393	L7E6V2
O53_3206	L7E6V3
O53_2835	L7E6V4
O53_4024	L7E6V6
O53_3398	L7E6V7
O53_3211	L7E6V8
O53_3599	L7E6V9
O53_2840	L7E6W0
O53_4029	L7E6W1
O53_3403	L7E6W2
O53_3604	L7E6W3
O53_4035	L7E6W5
O53_2845	L7E6W6
O53_3609	L7E6W8
O53_4040	L7E6W9
O53_3414	L7E6X1
O53_3614	L7E6X2
O53_2850	L7E6X3
O53_4045	L7E6X4
O53_3227	L7E6X5
O53_3419	L7E6X6
O53_3619	L7E6X7
O53_3424	L7E6X9
O53_2855	L7E6Y0
O53_3232	L7E6Y1
O53_4055	L7E6Y2
O53_3624	L7E6Y3
O53_3429	L7E6Y4
O53_3237	L7E6Y5
O53_3629	L7E6Y7
O53_3434	L7E6Y9
O53_3242	L7E6Z0
O53_3634	L7E6Z2
O53_3439	L7E6Z3
O53_2866	L7E6Z4
O53_3445	L7E6Z6
O53_4071	L7E6Z7
O53_3639	L7E6Z8
O53_4076	L7E6Z9
O53_3450	L7E700
O53_3644	L7E701
O53_3252	L7E702
O53_3455	L7E703
O53_4081	L7E704
O53_3649	L7E705
O53_3460	L7E707
O53_4086	L7E708
O53_3654	L7E709
O53_3465	L7E710
O53_4091	L7E711
O53_3262	L7E712
O53_2871	L7E713
O53_3470	L7E714
O53_3659	L7E715
O53_4096	L7E716
O53_3475	L7E717
O53_3267	L7E718
O53_3664	L7E719
O53_3272	L7E722
O53_3669	L7E723
O53_4106	L7E724
O53_2876	L7E725
O53_3485	L7E726
O53_3674	L7E729
O53_3490	L7E730
O53_4111	L7E731
O53_2886	L7E732
O53_3495	L7E733
O53_4116	L7E734
O53_3282	L7E736
O53_3500	L7E737
O53_4121	L7E738
O53_3684	L7E739
O53_3505	L7E740
O53_4126	L7E742
O53_2891	L7E743
O53_3689	L7E744
O53_4131	L7E746
O53_3292	L7E747
O53_2896	L7E748
O53_3515	L7E749
O53_4136	L7E751
O53_2901	L7E752
O53_3297	L7E753
O53_2906	L7E754
O53_4141	L7E755
O53_3699	L7E756
O53_3520	L7E757
O53_3302	L7E758
O53_2911	L7E759
O53_3704	L7E760
O53_2916	L7E763
O53_3530	L7E765
O53_3710	L7E768
O53_3312	L7E769
O53_2927	L7E771
O53_4156	L7E772
O53_3715	L7E773
O53_2932	L7E774
O53_3540	L7E775
O53_4161	L7E776
O53_3317	L7E777
O53_3720	L7E778
O53_2937	L7E779
O53_3545	L7E780
O53_4166	L7E781
O53_2942	L7E783
O53_227 	L7E784
O53_4171	L7E784
O53_3322	L7E785
O53_3550	L7E786
O53_2947	L7E787
O53_3732	L7E788
O53_4176	L7E789
O53_3737	L7E793
O53_2958	L7E795
O53_3333	L7E797
O53_2963	L7E799
O53_3566	L7E7A0
O53_4186	L7E7A1
O53_3338	L7E7A2
O53_2968	L7E7A3
O53_3571	L7E7A5
O53_4191	L7E7A6
O53_3344	L7E7A7
O53_2973	L7E7A8
O53_3752	L7E7A9
O53_3576	L7E7B0
O53_4196	L7E7B1
O53_2978	L7E7B2
O53_3349	L7E7B3
O53_3757	L7E7B4
O53_3581	L7E7B5
O53_4201	L7E7B6
O53_3354	L7E7B8
O53_4206	L7E7C1
O53_2988	L7E7C2
O53_3591	L7E7C4
O53_4211	L7E7C5
O53_3767	L7E7C6
O53_2993	L7E7C7
O53_3596	L7E7C8
O53_3364	L7E7C9
O53_4216	L7E7D0
O53_2998	L7E7D1
O53_3772	L7E7D3
O53_3370	L7E7D4
O53_4221	L7E7D6
O53_3606	L7E7D7
O53_3777	L7E7D8
O53_3375	L7E7D9
O53_3008	L7E7E0
O53_4226	L7E7E2
O53_3782	L7E7E3
O53_3013	L7E7E4
O53_3616	L7E7E5
O53_4231	L7E7E6
O53_3018	L7E7E8
O53_3621	L7E7E9
O53_3023	L7E7F0
O53_3626	L7E7F1
O53_2	L7E7F2
O53_3792	L7E7F3
O53_3028	L7E7F4
O53_3631	L7E7F5
O53_7	L7E7F6
O53_3380	L7E7F7
O53_3033	L7E7F8
O53_3636	L7E7F9
O53_3797	L7E7G0
O53_3641	L7E7G2
O53_3802	L7E7G4
O53_3646	L7E7G5
O53_3043	L7E7G6
O53_3385	L7E7G7
O53_17	L7E7G8
O53_3807	L7E7G9
O53_3651	L7E7H0
O53_3656	L7E7H3
O53_3812	L7E7H4
O53_3390	L7E7H5
O53_3053	L7E7H6
O53_3661	L7E7H7
O53_3817	L7E7H8
O53_3395	L7E7H9
O53_3058	L7E7I0
O53_3400	L7E7I3
O53_3822	L7E7I4
O53_3063	L7E7I5
O53_3068	L7E7J0
O53_3676	L7E7J1
O53_37	L7E7J2
O53_3073	L7E7J3
O53_3411	L7E7J4
O53_42	L7E7J5
O53_3681	L7E7J6
O53_3832	L7E7J7
O53_3078	L7E7J8
O53_3416	L7E7J9
O53_47	L7E7K0
O53_3421	L7E7K2
O53_3686	L7E7K3
O53_3837	L7E7K4
O53_52	L7E7K5
O53_3691	L7E7K7
O53_3088	L7E7K8
O53_3842	L7E7K9
O53_3431	L7E7L0
O53_3696	L7E7L1
O53_57	L7E7L2
O53_3093	L7E7L3
O53_3847	L7E7L4
O53_3436	L7E7L5
O53_3701	L7E7L6
O53_3442	L7E7L7
O53_3098	L7E7L8
O53_3852	L7E7L9
O53_62	L7E7M0
O53_3447	L7E7M2
O53_3857	L7E7M4
O53_3452	L7E7M5
O53_67	L7E7M6
O53_3712	L7E7M7
O53_3457	L7E7M9
O53_3862	L7E7N0
O53_72	L7E7N1
O53_3462	L7E7N2
O53_3113	L7E7N4
O53_1408	L7E7N5
O53_3467	L7E7N5
O53_329 	L7E7N5
O53_3230	L7E7N5
O53_77	L7E7N6
O53_3867	L7E7N7
O53_3118	L7E7N8
O53_3472	L7E7N9
O53_3722	L7E7P0
O53_82	L7E7P1
O53_3123	L7E7P2
O53_3872	L7E7P4
O53_3729	L7E7P5
O53_87	L7E7P6
O53_3482	L7E7P7
O53_3128	L7E7P8
O53_3734	L7E7P9
O53_3877	L7E7Q0
O53_3487	L7E7Q1
O53_92	L7E7Q2
O53_3739	L7E7Q4
O53_3882	L7E7Q5
O53_3492	L7E7Q6
O53_97	L7E7Q8
O53_3497	L7E7Q9
O53_3744	L7E7R0
O53_3144	L7E7R1
O53_3502	L7E7R2
O53_3507	L7E7R4
O53_3749	L7E7R5
O53_3149	L7E7R6
O53_107	L7E7R7
O53_3512	L7E7R8
O53_3154	L7E7R9
O53_3754	L7E7S0
O53_112	L7E7S1
O53_3159	L7E7S3
O53_3759	L7E7S4
O53_3522	L7E7S5
O53_117	L7E7S6
O53_3887	L7E7S7
O53_3764	L7E7S8
O53_3165	L7E7T0
O53_122	L7E7T1
O53_3769	L7E7T2
O53_3532	L7E7T3
O53_3170	L7E7T4
O53_127	L7E7T5
O53_3537	L7E7T6
O53_3774	L7E7T7
O53_3175	L7E7T9
O53_132	L7E7U0
O53_3542	L7E7U1
O53_3897	L7E7U2
O53_3547	L7E7U4
O53_3779	L7E7U5
O53_137	L7E7U6
O53_3552	L7E7U8
O53_3784	L7E7U9
O53_3185	L7E7V1
O53_142	L7E7V2
O53_3557	L7E7V3
O53_3912	L7E7V4
O53_3190	L7E7V5
O53_3789	L7E7V6
O53_3563	L7E7V7
O53_3917	L7E7V8
O53_3195	L7E7W0
O53_3568	L7E7W1
O53_3794	L7E7W2
O53_3922	L7E7W3
O53_3200	L7E7W5
O53_3573	L7E7W6
O53_3799	L7E7W7
O53_3927	L7E7W8
O53_3578	L7E7X0
O53_3932	L7E7X1
O53_3804	L7E7X2
O53_3583	L7E7X3
O53_3937	L7E7X4
O53_3809	L7E7X6
O53_3588	L7E7X8
O53_3947	L7E7X9
O53_3952	L7E7Y3
O53_3598	L7E7Y4
O53_157	L7E7Y5
O53_3221	L7E7Y6
O53_3958	L7E7Y7
O53_3963	L7E7Y9
O53_3226	L7E7Z0
O53_3819	L7E7Z1
O53_3608	L7E7Z2
O53_3968	L7E7Z3
O53_3231	L7E7Z4
O53_162	L7E7Z5
O53_3824	L7E7Z6
O53_3613	L7E7Z7
O53_3973	L7E7Z8
O53_3236	L7E7Z9
O53_3978	L7E800
O53_3618	L7E801
O53_167	L7E802
O53_3241	L7E803
O53_3829	L7E804
O53_3983	L7E806
O53_3623	L7E807
O53_3834	L7E808
O53_3246	L7E809
O53_177	L7E810
O53_3988	L7E811
O53_3628	L7E812
O53_3839	L7E813
O53_3251	L7E814
O53_182	L7E815
O53_3993	L7E816
O53_3844	L7E818
O53_3256	L7E819
O53_187	L7E820
O53_3998	L7E821
O53_3261	L7E823
O53_192	L7E824
O53_3643	L7E826
O53_3266	L7E827
O53_3849	L7E828
O53_197	L7E829
O53_4008	L7E830
O53_3854	L7E834
O53_4013	L7E835
O53_207	L7E836
O53_3653	L7E837
O53_4018	L7E838
O53_3859	L7E839
O53_212	L7E840
O53_3276	L7E841
O53_3658	L7E842
O53_4023	L7E843
O53_217	L7E844
O53_3864	L7E845
O53_3281	L7E846
O53_3663	L7E847
O53_4028	L7E848
O53_3668	L7E850
O53_3869	L7E852
O53_3286	L7E854
O53_4039	L7E855
O53_3673	L7E856
O53_232	L7E857
O53_3291	L7E858
O53_4044	L7E859
O53_237	L7E860
O53_3874	L7E861
O53_3678	L7E862
O53_4049	L7E863
O53_3296	L7E864
O53_3683	L7E865
O53_242	L7E866
O53_3879	L7E867
O53_4054	L7E868
O53_247	L7E869
O53_3688	L7E870
O53_3301	L7E871
O53_4059	L7E872
O53_252	L7E874
O53_4064	L7E876
O53_3306	L7E877
O53_3698	L7E879
O53_4070	L7E880
O53_262	L7E881
O53_3311	L7E882
O53_267	L7E884
O53_3703	L7E885
O53_3316	L7E886
O53_272	L7E887
O53_4080	L7E888
O53_3708	L7E889
O53_4085	L7E891
O53_3714	L7E892
O53_3889	L7E893
O53_3321	L7E894
O53_283	L7E895
O53_4090	L7E896
O53_3719	L7E897
O53_3327	L7E898
O53_4095	L7E899
O53_288	L7E8A0
O53_3725	L7E8A1
O53_4100	L7E8A2
O53_3332	L7E8A3
O53_293	L7E8A4
O53_4105	L7E8A7
O53_3337	L7E8A9
O53_3899	L7E8B1
O53_4110	L7E8B2
O53_304	L7E8B3
O53_3904	L7E8B4
O53_3343	L7E8B5
O53_3741	L7E8B6
O53_4115	L7E8B7
O53_309	L7E8B8
O53_3909	L7E8B9
O53_3746	L7E8C0
O53_3348	L7E8C2
O53_314	L7E8C3
O53_3914	L7E8C4
O53_4125	L7E8C6
O53_319	L7E8C7
O53_3919	L7E8C8
O53_3353	L7E8C9
O53_3756	L7E8D0
O53_3924	L7E8D1
O53_324	L7E8D2
O53_4130	L7E8D3
O53_3358	L7E8D4
O53_3761	L7E8D5
O53_3929	L7E8D6
O53_4135	L7E8D8
O53_3363	L7E8D9
O53_3934	L7E8E0
O53_3766	L7E8E1
O53_334	L7E8E2
O53_4140	L7E8E4
O53_3369	L7E8E5
O53_3944	L7E8E7
O53_4145	L7E8E9
O53_3374	L7E8F0
O53_3949	L7E8F2
O53_344	L7E8F3
O53_3954	L7E8F5
O53_3781	L7E8F6
O53_349	L7E8F7
O53_3960	L7E8F8
O53_1583	L7E8F9
O53_4155	L7E8F9
O53_4160	L7E8G3
O53_359	L7E8G5
O53_3791	L7E8G6
O53_3379	L7E8G7
O53_4165	L7E8G9
O53_3980	L7E8H2
O53_369	L7E8H4
O53_3985	L7E8H5
O53_3801	L7E8H6
O53_3384	L7E8H7
O53_374	L7E8I0
O53_3806	L7E8I1
O53_3995	L7E8I2
O53_3389	L7E8I3
O53_4180	L7E8I4
O53_4000	L7E8I5
O53_3394	L7E8I7
O53_3811	L7E8I8
O53_4005	L7E8I9
O53_4185	L7E8J0
O53_3816	L7E8J2
O53_4010	L7E8J3
O53_389	L7E8J5
O53_3821	L7E8J7
O53_4020	L7E8J9
O53_4195	L7E8K0
O53_3826	L7E8K2
O53_3404	L7E8K3
O53_4025	L7E8K4
O53_4200	L7E8K5
O53_399	L7E8K6
O53_3831	L7E8K7
O53_4030	L7E8K9
O53_4205	L7E8L0
O53_404	L7E8L1
O53_3415	L7E8L2
O53_3836	L7E8L3
O53_4036	L7E8L4
O53_409	L7E8L5
O53_3420	L7E8L6
O53_4210	L7E8L7
O53_4041	L7E8L8
O53_3841	L7E8L9
O53_3425	L7E8M0
O53_4215	L7E8M2
O53_4046	L7E8M3
O53_3430	L7E8M4
O53_4051	L7E8M7
O53_3435	L7E8M8
O53_4220	L7E8M9
O53_4056	L7E8N0
O53_3851	L7E8N1
O53_3441	L7E8N2
O53_424	L7E8N3
O53_4225	L7E8N4
O53_4061	L7E8N5
O53_3446	L7E8N6
O53_3856	L7E8N7
O53_429	L7E8N8
O53_4230	L7E8N9
O53_3451	L7E8P0
O53_4067	L7E8P1
O53_434	L7E8P2
O53_3456	L7E8P3
O53_3861	L7E8P4
O53_4072	L7E8P6
O53_3461	L7E8P8
O53_3866	L7E8Q1
O53_4082	L7E8Q3
O53_11	L7E8Q5
O53_3471	L7E8Q7
O53_449	L7E8Q8
O53_4087	L7E8Q9
O53_3876	L7E8R0
O53_16	L7E8R1
O53_4092	L7E8R2
O53_3476	L7E8R3
O53_454	L7E8R4
O53_4097	L7E8R5
O53_3881	L7E8R6
O53_3481	L7E8R7
O53_21	L7E8R8
O53_459	L7E8R9
O53_3486	L7E8S1
O53_464	L7E8S2
O53_26	L7E8S3
O53_4107	L7E8S4
O53_3491	L7E8S5
O53_469	L7E8S6
O53_31	L7E8S7
O53_4112	L7E8S8
O53_3496	L7E8S9
O53_3501	L7E8T0
O53_474	L7E8T1
O53_4117	L7E8T2
O53_3886	L7E8T4
O53_3506	L7E8T5
O53_479	L7E8T7
O53_4127	L7E8T9
O53_484	L7E8U1
O53_4132	L7E8U2
O53_3516	L7E8U3
O53_46	L7E8U4
O53_3521	L7E8U5
O53_489	L7E8U6
O53_3891	L7E8U8
O53_51	L7E8U9
O53_3526	L7E8V0
O53_3896	L7E8V1
O53_4142	L7E8V2
O53_494	L7E8V3
O53_3531	L7E8V4
O53_56	L7E8V5
O53_4147	L7E8V6
O53_3901	L7E8V7
O53_3536	L7E8V9
O53_3906	L7E8W0
O53_504	L7E8W3
O53_3541	L7E8W4
O53_4157	L7E8W5
O53_66	L7E8W7
O53_3546	L7E8W9
O53_4162	L7E8X0
O53_3916	L7E8X1
O53_71	L7E8X2
O53_514	L7E8X3
O53_3921	L7E8X4
O53_3551	L7E8X5
O53_4167	L7E8X6
O53_3926	L7E8X8
O53_3556	L7E8X9
O53_519	L7E8Y0
O53_4172	L7E8Y1
O53_3931	L7E8Y2
O53_3562	L7E8Y3
O53_81	L7E8Y4
O53_3936	L7E8Y5
O53_524	L7E8Y7
O53_3941	L7E8Y8
O53_3567	L7E8Y9
O53_86	L7E8Z1
O53_3946	L7E8Z2
O53_3572	L7E8Z4
O53_4187	L7E8Z5
O53_3951	L7E8Z6
O53_3577	L7E8Z7
O53_91	L7E8Z8
O53_3957	L7E900
O53_3582	L7E902
O53_3962	L7E903
O53_539	L7E904
O53_96	L7E905
O53_4197	L7E906
O53_3967	L7E907
O53_3587	L7E908
O53_4202	L7E909
O53_544	L7E910
O53_3972	L7E912
O53_3592	L7E913
O53_4207	L7E915
O53_106	L7E916
O53_3977	L7E917
O53_3982	L7E919
O53_554	L7E920
O53_4212	L7E921
O53_111	L7E922
O53_3602	L7E923
O53_3987	L7E924
O53_559	L7E925
O53_4217	L7E926
O53_116	L7E927
O53_3607	L7E928
O53_3992	L7E929
O53_4222	L7E930
O53_564	L7E931
O53_121	L7E932
O53_3612	L7E933
O53_3997	L7E934
O53_4227	L7E935
O53_3617	L7E937
O53_4002	L7E938
O53_126	L7E939
O53_4232	L7E940
O53_4007	L7E941
O53_3622	L7E942
O53_574	L7E943
O53_131	L7E944
O53_4012	L7E945
O53_3	L7E946
O53_3627	L7E947
O53_579	L7E948
O53_4017	L7E949
O53_3632	L7E951
O53_4022	L7E953
O53_584	L7E954
O53_3637	L7E955
O53_13	L7E956
O53_4027	L7E957
O53_589	L7E958
O53_141	L7E959
O53_18	L7E961
O53_146	L7E963
O53_594	L7E964
O53_3647	L7E965
O53_4038	L7E966
O53_23	L7E967
O53_599	L7E970
O53_151	L7E971
O53_28	L7E972
O53_4048	L7E973
O53_3657	L7E975
O53_33	L7E977
O53_609	L7E978
O53_38	L7E979
O53_4058	L7E980
O53_3662	L7E981
O53_614	L7E983
O53_3667	L7E985
O53_156	L7E986
O53_4069	L7E987
O53_3672	L7E988
O53_4074	L7E991
O53_3677	L7E992
O53_161	L7E993
O53_624	L7E995
O53_4079	L7E996
O53_58	L7E998
O53_4084	L7E999
O53_3687	L7E9A1
O53_166	L7E9A2
O53_63	L7E9A4
O53_634	L7E9A5
O53_3692	L7E9A6
O53_171	L7E9A7
O53_4094	L7E9A8
O53_176	L7E9B1
O53_3697	L7E9B2
O53_4099	L7E9B3
O53_73	L7E9B4
O53_181	L7E9B6
O53_3702	L7E9B7
O53_4104	L7E9B8
O53_78	L7E9B9
O53_186	L7E9C0
O53_649	L7E9C1
O53_4109	L7E9C2
O53_3707	L7E9C3
O53_191	L7E9C4
O53_83	L7E9C5
O53_4114	L7E9C6
O53_654	L7E9C7
O53_196	L7E9C8
O53_3713	L7E9C9
O53_1016	L7E9D0
O53_88	L7E9D0
O53_600 	L7E9D0
O53_5004	L7E9D0
O53_4571	L7E9D0
O53_4425	L7E9D0
O53_364 	L7E9D0
O53_2849	L7E9D0
O53_278	L7E9D0
O53_201	L7E9D1
O53_4119	L7E9D2
O53_3718	L7E9D3
O53_206	L7E9D4
O53_93	L7E9D5
O53_4124	L7E9D6
O53_211	L7E9D7
O53_98	L7E9D9
O53_4129	L7E9E0
O53_216	L7E9E1
O53_221	L7E9E3
O53_4134	L7E9E4
O53_103	L7E9E5
O53_226	L7E9E6
O53_4139	L7E9E7
O53_3735	L7E9E8
O53_659	L7E9E9
O53_108	L7E9F0
O53_231	L7E9F1
O53_4144	L7E9F2
O53_236	L7E9F3
O53_3740	L7E9F4
O53_113	L7E9F5
O53_241	L7E9F6
O53_118	L7E9F9
O53_246	L7E9G0
O53_4154	L7E9G1
O53_3750	L7E9G2
O53_123	L7E9G3
O53_251	L7E9G4
O53_664	L7E9G5
O53_4159	L7E9G6
O53_256	L7E9G7
O53_128	L7E9G9
O53_3755	L7E9H0
O53_3360 O53_4164	L7E9H1
O53_261	L7E9H2
O53_133	L7E9H4
O53_3760	L7E9H5
O53_266	L7E9H6
O53_679	L7E9H7
O53_138	L7E9H9
O53_3765	L7E9I0
O53_271	L7E9I1
O53_684	L7E9I2
O53_3770	L7E9I6
O53_689	L7E9I7
O53_4179	L7E9I8
O53_282	L7E9I9
O53_3775	L7E9J1
O53_148	L7E9J2
O53_287	L7E9J3
O53_699	L7E9J5
O53_3780	L7E9J6
O53_292	L7E9J7
O53_4189	L7E9J8
O53_704	L7E9J9
O53_3785	L7E9K1
O53_297	L7E9K2
O53_709	L7E9K3
O53_714	L7E9K5
O53_4199	L7E9K8
O53_720	L7E9K9
O53_3795	L7E9L2
O53_725	L7E9L3
O53_313	L7E9L4
O53_4209	L7E9L5
O53_158	L7E9L6
O53_730	L7E9L7
O53_3800	L7E9L8
O53_318	L7E9L9
O53_735	L7E9M0
O53_4214	L7E9M1
O53_323	L7E9M2
O53_3805	L7E9M3
O53_740	L7E9M4
O53_745	L7E9M5
O53_4219	L7E9M6
O53_328	L7E9M7
O53_3810	L7E9M8
O53_750	L7E9M9
O53_333	L7E9N0
O53_163	L7E9N1
O53_4224	L7E9N2
O53_755	L7E9N3
O53_3815	L7E9N4
O53_760	L7E9N5
O53_168	L7E9N6
O53_338	L7E9N7
O53_4229	L7E9N8
O53_3820	L7E9N9
O53_765	L7E9P0
O53_173	L7E9P1
O53_343	L7E9P2
O53_1075	L7E9P3
O53_856	L7E9P3
O53_770	L7E9P3
O53_4184	L7E9P3
O53_3554 	L7E9P3
O53_2360	L7E9P3
O53_178	L7E9P4
O53_4234	L7E9P5
O53_3825	L7E9P6
O53_183	L7E9P9
O53_3830	L7E9Q0
O53_5	L7E9Q1
O53_781	L7E9Q2
O53_188	L7E9Q3
O53_786	L7E9Q5
O53_193	L7E9Q6
O53_3835	L7E9Q7
O53_358	L7E9Q8
O53_10	L7E9Q9
O53_198	L7E9R0
O53_791	L7E9R1
O53_3840	L7E9R2
O53_363	L7E9R4
O53_797	L7E9R5
O53_208	L7E9R7
O53_3845	L7E9R8
O53_802	L7E9R9
O53_368	L7E9S0
O53_20	L7E9S1
O53_213	L7E9S2
O53_373	L7E9S5
O53_218	L7E9S6
O53_25	L7E9S7
O53_378	L7E9S8
O53_812	L7E9S9
O53_30	L7E9T2
O53_383	L7E9T3
O53_228	L7E9T4
O53_3860	L7E9T6
O53_233	L7E9T7
O53_388	L7E9T8
O53_35	L7E9T9
O53_822	L7E9U0
O53_238	L7E9U1
O53_3865	L7E9U2
O53_40	L7E9U4
O53_827	L7E9U5
O53_243	L7E9U6
O53_3870	L7E9U7
O53_398	L7E9U9
O53_45	L7E9V0
O53_832	L7E9V1
O53_403	L7E9V3
O53_837	L7E9V4
O53_3875	L7E9V5
O53_50	L7E9V6
O53_408	L7E9V7
O53_258	L7E9V8
O53_842	L7E9V9
O53_3880	L7E9W0
O53_55	L7E9W2
O53_413	L7E9W3
O53_268	L7E9W5
O53_60	L7E9W6
O53_418	L7E9W7
O53_852	L7E9W8
O53_65	L7E9X0
O53_423	L7E9X1
O53_857	L7E9X2
O53_279	L7E9X3
O53_70	L7E9X5
O53_284	L7E9X7
O53_433	L7E9X8
O53_3885	L7E9X9
O53_75	L7E9Y0
O53_867	L7E9Y1
O53_289	L7E9Y2
O53_438	L7E9Y3
O53_872	L7E9Y4
O53_294	L7E9Y5
O53_80	L7E9Y6
O53_443	L7E9Y7
O53_877	L7E9Z0
O53_85	L7E9Z1
O53_448	L7E9Z2
O53_305	L7E9Z3
O53_882	L7E9Z4
O53_3895	L7E9Z5
O53_3900	L7E9Z9
O53_458	L7EA02
O53_95	L7EA03
O53_892	L7EA04
O53_463	L7EA06
O53_3905	L7EA07
O53_898	L7EA10
O53_468	L7EA12
O53_105	L7EA13
O53_3915	L7EA14
O53_903	L7EA15
O53_330	L7EA16
O53_473	L7EA17
O53_3920	L7EA18
O53_335	L7EA19
O53_908	L7EA20
O53_110	L7EA21
O53_3925	L7EA22
O53_478	L7EA23
O53_340	L7EA24
O53_913	L7EA25
O53_3930	L7EA26
O53_115	L7EA27
O53_483	L7EA28
O53_345	L7EA29
O53_3935	L7EA30
O53_918	L7EA31
O53_120	L7EA32
O53_3940	L7EA33
O53_923	L7EA34
O53_350	L7EA36
O53_3945	L7EA37
O53_125	L7EA38
O53_493	L7EA39
O53_928	L7EA40
O53_355	L7EA41
O53_3950	L7EA42
O53_933	L7EA44
O53_3955	L7EA45
O53_130	L7EA46
O53_3961	L7EA48
O53_503	L7EA51
O53_135	L7EA52
O53_370	L7EA54
O53_140	L7EA57
O53_3971	L7EA58
O53_375	L7EA59
O53_3976	L7EA60
O53_145	L7EA63
O53_3981	L7EA65
O53_954	L7EA66
O53_518	L7EA67
O53_150	L7EA68
O53_3986	L7EA69
O53_385	L7EA70
O53_959	L7EA71
O53_3991	L7EA72
O53_523	L7EA73
O53_390	L7EA74
O53_3996	L7EA75
O53_965	L7EA76
O53_395	L7EA78
O53_4001	L7EA79
O53_970	L7EA80
O53_4006	L7EA81
O53_400	L7EA82
O53_533	L7EA83
O53_155	L7EA86
O53_405	L7EA87
O53_538	L7EA88
O53_980	L7EA89
O53_4016	L7EA90
O53_410	L7EA91
O53_543	L7EA92
O53_4021	L7EA93
O53_985	L7EA94
O53_4026	L7EA97
O53_548	L7EA98
O53_990	L7EA99
O53_420	L7EAA0
O53_4032	L7EAA1
O53_553	L7EAA2
O53_995	L7EAA3
O53_425	L7EAA4
O53_4037	L7EAA5
O53_4042	L7EAA7
O53_430	L7EAA8
O53_1000	L7EAA9
O53_558	L7EAB0
O53_170	L7EAB1
O53_1005	L7EAB3
O53_563	L7EAB5
O53_175	L7EAB6
O53_180	L7EAB9
O53_568	L7EAC0
O53_4057	L7EAC2
O53_185	L7EAC3
O53_1015	L7EAC4
O53_573	L7EAC5
O53_4062	L7EAC7
O53_4068	L7EAD0
O53_450	L7EAD1
O53_195	L7EAD2
O53_578	L7EAD3
O53_200	L7EAD4
O53_4073	L7EAD5
O53_455	L7EAD6
O53_1025	L7EAD7
O53_583	L7EAD8
O53_205	L7EAD9
O53_4078	L7EAE0
O53_1030	L7EAE1
O53_460	L7EAE2
O53_210	L7EAE3
O53_4083	L7EAE5
O53_465	L7EAE6
O53_215	L7EAE8
O53_4088	L7EAE9
O53_593	L7EAF0
O53_220	L7EAF1
O53_470	L7EAF2
O53_1040	L7EAF3
O53_4093	L7EAF5
O53_598	L7EAF6
O53_230	L7EAF7
O53_475	L7EAF8
O53_480	L7EAG3
O53_4103	L7EAG4
O53_1051	L7EAG5
O53_240	L7EAG6
O53_4108	L7EAG7
O53_608	L7EAG9
O53_245	L7EAH0
O53_4113	L7EAH2
O53_250	L7EAH3
O53_613	L7EAH4
O53_490	L7EAH5
O53_4118	L7EAH6
O53_255	L7EAH8
O53_618	L7EAH9
O53_495	L7EAI0
O53_4123	L7EAI2
O53_1066	L7EAI3
O53_265	L7EAI4
O53_623	L7EAI5
O53_500	L7EAI6
O53_4128	L7EAI7
O53_270	L7EAI8
O53_1071	L7EAI9
O53_505	L7EAJ1
O53_628	L7EAJ2
O53_2171	L7EAJ3
O53_276	L7EAJ3
O53_1076	L7EAJ4
O53_4138	L7EAJ5
O53_510	L7EAJ6
O53_633	L7EAJ7
O53_1081	L7EAJ9
O53_286	L7EAK2
O53_1657	L7EAK3
O53_638	L7EAK3
O53_4148	L7EAK4
O53_291	L7EAK5
O53_4969	L7EAK5
O53_1086	L7EAK6
O53_520	L7EAK7
O53_643	L7EAK8
O53_296	L7EAK9
O53_2948	L7EAL0
O53_4153	L7EAL0
O53_1091	L7EAL1
O53_525	L7EAL2
O53_302	L7EAL3
O53_648	L7EAL4
O53_4158	L7EAL5
O53_307	L7EAL6
O53_530	L7EAL8
O53_312	L7EAM1
O53_1101	L7EAM2
O53_535	L7EAM3
O53_317	L7EAM4
O53_4168	L7EAM5
O53_540	L7EAM8
O53_4173	L7EAM9
O53_327	L7EAN0
O53_1111	L7EAN1
O53_4178	L7EAN2
O53_545	L7EAN3
O53_332	L7EAN4
O53_4183	L7EAN5
O53_658	L7EAN6
O53_1117	L7EAN7
O53_337	L7EAN9
O53_4188	L7EAP0
O53_1122	L7EAP1
O53_342	L7EAP3
O53_4193	L7EAP4
O53_347	L7EAP5
O53_1127	L7EAP6
O53_352	L7EAP9
O53_663	L7EAQ0
O53_1132	L7EAQ1
O53_565	L7EAQ2
O53_357	L7EAQ4
O53_4203	L7EAQ5
O53_1137	L7EAQ6
O53_673	L7EAQ7
O53_570	L7EAQ8
O53_4208	L7EAQ9
O53_362	L7EAR0
O53_1143	L7EAR2
O53_367	L7EAR3
O53_575	L7EAR5
O53_1148	L7EAR6
O53_683	L7EAR7
O53_372	L7EAR8
O53_580	L7EAR9
O53_4218	L7EAS0
O53_1153	L7EAS2
O53_377	L7EAS3
O53_4223	L7EAS4
O53_693	L7EAS6
O53_4228	L7EAS8
O53_1158	L7EAS9
O53_698	L7EAT0
O53_590	L7EAT1
O53_4233	L7EAT3
O53_1163	L7EAT4
O53_703	L7EAT5
O53_595	L7EAT6
O53_392	L7EAT7
O53_4	L7EAT8
O53_708	L7EAT9
O53_397	L7EAU2
O53_719	L7EAU4
O53_605	L7EAU6
O53_14	L7EAU7
O53_724	L7EAU8
O53_407	L7EAU9
O53_19	L7EAV2
O53_1168	L7EAV3
O53_412	L7EAV4
O53_734	L7EAV5
O53_24	L7EAV6
O53_615	L7EAV7
O53_739	L7EAV8
O53_417	L7EAV9
O53_744	L7EAW0
O53_29	L7EAW1
O53_749	L7EAW4
O53_625	L7EAW6
O53_754	L7EAW8
O53_1173	L7EAW9
O53_39	L7EAX0
O53_759	L7EAX1
O53_630	L7EAX2
O53_432	L7EAX3
O53_1178	L7EAX4
O53_764	L7EAX5
O53_1184	L7EAX7
O53_635	L7EAX8
O53_437	L7EAX9
O53_49	L7EAY2
O53_640	L7EAY4
O53_774	L7EAY5
O53_1194	L7EAY6
O53_780	L7EAY8
O53_1199	L7EAY9
O53_447	L7EAZ0
O53_645	L7EAZ1
O53_59	L7EAZ2
O53_1204	L7EAZ3
O53_785	L7EAZ4
O53_452	L7EAZ5
O53_64	L7EAZ7
O53_790	L7EAZ8
O53_650	L7EAZ9
O53_1214	L7EB00
O53_796	L7EB01
O53_457	L7EB02
O53_655	L7EB04
O53_1219	L7EB05
O53_801	L7EB06
O53_462	L7EB07
O53_74	L7EB09
O53_806	L7EB10
O53_467	L7EB11
O53_1229	L7EB12
O53_79	L7EB13
O53_811	L7EB14
O53_1234	L7EB15
O53_1239	L7EB18
O53_84	L7EB19
O53_477	L7EB20
O53_482	L7EB23
O53_89	L7EB24
O53_660	L7EB25
O53_826	L7EB26
O53_94	L7EB28
O53_487	L7EB29
O53_831	L7EB30
O53_836	L7EB32
O53_492	L7EB33
O53_99	L7EB34
O53_1259	L7EB35
O53_841	L7EB37
O53_497	L7EB38
O53_1264	L7EB39
O53_104	L7EB40
O53_1269	L7EB41
O53_109	L7EB43
O53_846	L7EB44
O53_670	L7EB45
O53_1274	L7EB46
O53_507	L7EB47
O53_114	L7EB48
O53_851	L7EB49
O53_675	L7EB50
O53_1279	L7EB51
O53_512	L7EB52
O53_1284	L7EB53
O53_680	L7EB54
O53_119	L7EB55
O53_685	L7EB57
O53_517	L7EB59
O53_690	L7EB63
O53_522	L7EB64
O53_866	L7EB65
O53_1299	L7EB66
O53_695	L7EB67
O53_129	L7EB68
O53_527	L7EB69
O53_871	L7EB71
O53_134	L7EB73
O53_705	L7EB74
O53_532	L7EB75
O53_876	L7EB76
O53_537	L7EB79
O53_139	L7EB81
O53_1314	L7EB82
O53_715	L7EB83
O53_721	L7EB87
O53_1319	L7EB88
O53_726	L7EB89
O53_891	L7EB90
O53_1324	L7EB91
O53_547	L7EB92
O53_149	L7EB93
O53_731	L7EB94
O53_1329	L7EB95
O53_897	L7EB96
O53_552	L7EB97
O53_736	L7EB98
O53_1334	L7EB99
O53_902	L7EBA0
O53_741	L7EBA1
O53_557	L7EBA2
O53_1339	L7EBA3
O53_907	L7EBA4
O53_746	L7EBA5
O53_1344	L7EBA6
O53_562	L7EBA7
O53_751	L7EBA9
O53_1349	L7EBB0
O53_567	L7EBB1
O53_154	L7EBB2
O53_917	L7EBB3
O53_756	L7EBB4
O53_922	L7EBB7
O53_572	L7EBB8
O53_1359	L7EBB9
O53_766	L7EBC0
O53_927	L7EBC1
O53_159	L7EBC2
O53_1364	L7EBC4
O53_164	L7EBC5
O53_771	L7EBC6
O53_932	L7EBC7
O53_1369	L7EBC8
O53_777	L7EBC9
O53_582	L7EBD0
O53_937	L7EBD1
O53_169	L7EBD2
O53_782	L7EBD3
O53_1374	L7EBD4
O53_942	L7EBD5
O53_587	L7EBD6
O53_174	L7EBD7
O53_787	L7EBD8
O53_1379	L7EBD9
O53_948	L7EBE0
O53_179	L7EBE1
O53_792	L7EBE2
O53_592	L7EBE3
O53_1384	L7EBE4
O53_184	L7EBE5
O53_953	L7EBE6
O53_798	L7EBE7
O53_1389	L7EBE8
O53_597	L7EBF0
O53_803	L7EBF1
O53_194	L7EBF4
O53_602	L7EBF5
O53_808	L7EBF6
O53_964	L7EBF8
O53_1399	L7EBF9
O53_813	L7EBG0
O53_204	L7EBG1
O53_969	L7EBG3
O53_209	L7EBG5
O53_818	L7EBG6
O53_612	L7EBG7
O53_974	L7EBG8
O53_214	L7EBG9
O53_1409	L7EBH0
O53_617	L7EBH4
O53_1414	L7EBH5
O53_224	L7EBH7
O53_622	L7EBH8
O53_984	L7EBH9
O53_833	L7EBI0
O53_1419	L7EBI2
O53_234	L7EBI3
O53_838	L7EBI4
O53_627	L7EBI5
O53_989	L7EBI6
O53_239	L7EBI8
O53_843	L7EBI9
O53_632	L7EBJ0
O53_994	L7EBJ1
O53_244	L7EBJ3
O53_848	L7EBJ4
O53_637	L7EBJ6
O53_249	L7EBJ7
O53_1435	L7EBJ8
O53_853	L7EBJ9
O53_254	L7EBK0
O53_1004	L7EBK1
O53_259	L7EBK5
O53_1446	L7EBK7
O53_647	L7EBK8
O53_264	L7EBK9
O53_863	L7EBL0
O53_1014	L7EBL1
O53_269	L7EBL2
O53_1451	L7EBL3
O53_652	L7EBL4
O53_868	L7EBL5
O53_1456	L7EBL8
O53_873	L7EBL9
O53_280	L7EBM0
O53_1024	L7EBM1
O53_1461	L7EBM2
O53_878	L7EBM3
O53_285	L7EBM4
O53_1466	L7EBM6
O53_883	L7EBM7
O53_1471	L7EBM9
O53_1034 	L7EBN1
O53_1964	L7EBN1
O53_295	L7EBN3
O53_1476	L7EBN4
O53_301	L7EBN5
O53_1039	L7EBN6
O53_893	L7EBN7
O53_1481	L7EBN8
O53_899	L7EBP0
O53_1044	L7EBP1
O53_311	L7EBP3
O53_904	L7EBP4
O53_662	L7EBP5
O53_1050	L7EBP6
O53_316	L7EBP7
O53_1491	L7EBP8
O53_909	L7EBP9
O53_667	L7EBQ0
O53_321	L7EBQ1
O53_914	L7EBQ2
O53_1055	L7EBQ4
O53_672	L7EBQ5
O53_1060	L7EBQ8
O53_1501	L7EBQ9
O53_677	L7EBR1
O53_1506	L7EBR2
O53_1065	L7EBR4
O53_682	L7EBR6
O53_1511	L7EBR7
O53_1070	L7EBR8
O53_929	L7EBR9
O53_687	L7EBS0
O53_341	L7EBS1
O53_1516	L7EBS2
O53_934	L7EBS4
O53_692	L7EBS5
O53_346	L7EBS6
O53_1522	L7EBS7
O53_1080	L7EBS8
O53_939	L7EBS9
O53_697	L7EBT0
O53_351	L7EBT1
O53_1527	L7EBT2
O53_1085	L7EBT4
O53_702	L7EBT5
O53_1532	L7EBT7
O53_707	L7EBT8
O53_950	L7EBT9
O53_361	L7EBU1
O53_1537	L7EBU3
O53_955	L7EBU4
O53_1095	L7EBU5
O53_366	L7EBU7
O53_1542	L7EBU8
O53_723	L7EBU9
O53_371	L7EBV1
O53_960	L7EBV2
O53_1547	L7EBV3
O53_728	L7EBV4
O53_1105	L7EBV5
O53_376	L7EBV6
O53_1552	L7EBV8
O53_966	L7EBV9
O53_738	L7EBW0
O53_1110	L7EBW1
O53_381	L7EBW2
O53_1557	L7EBW3
O53_743	L7EBW5
O53_386	L7EBW6
O53_1116	L7EBW7
O53_1562	L7EBX0
O53_391	L7EBX1
O53_1121	L7EBX2
O53_753	L7EBX3
O53_981	L7EBX4
O53_1567	L7EBX5
O53_396	L7EBX6
O53_290	L7EBX8
O53_986	L7EBX8
O53_1126	L7EBX9
O53_1572	L7EBY0
O53_763	L7EBY1
O53_768	L7EBY4
O53_1577	L7EBY5
O53_406	L7EBY6
O53_1131	L7EBY7
O53_773	L7EBY8
O53_411	L7EBY9
O53_996	L7EBZ0
O53_1582	L7EBZ1
O53_1136	L7EBZ2
O53_779	L7EBZ3
O53_416	L7EBZ4
O53_1001	L7EBZ5
O53_784	L7EBZ6
O53_1142	L7EBZ7
O53_1587	L7EBZ8
O53_421	L7EC00
O53_789	L7EC01
O53_1147	L7EC02
O53_426	L7EC04
O53_1011	L7EC06
O53_431	L7EC08
O53_1597	L7EC09
O53_800	L7EC11
O53_436	L7EC14
O53_1162	L7EC17
O53_1607	L7EC18
O53_441	L7EC19
O53_810	L7EC20
O53_1026	L7EC21
O53_815	L7EC22
O53_1612	L7EC23
O53_446	L7EC24
O53_820	L7EC25
O53_1031	L7EC26
O53_451	L7EC27
O53_1617	L7EC28
O53_825	L7EC29
O53_1036	L7EC30
O53_456	L7EC31
O53_1167	L7EC34
O53_461	L7EC37
O53_1627	L7EC38
O53_840	L7EC39
O53_1046	L7EC41
O53_1632	L7EC42
O53_1172	L7EC44
O53_471	L7EC45
O53_1052	L7EC46
O53_1637	L7EC47
O53_850	L7EC48
O53_855	L7EC50
O53_1642	L7EC52
O53_860	L7EC54
O53_1057	L7EC55
O53_1647	L7EC57
O53_1188	L7EC58
O53_865	L7EC59
O53_1062	L7EC60
O53_486	L7EC61
O53_1652	L7EC62
O53_870	L7EC64
O53_491	L7EC66
O53_1198	L7EC67
O53_875	L7EC68
O53_1067	L7EC69
O53_1662	L7EC70
O53_1203	L7EC71
O53_880	L7EC72
O53_496	L7EC73
O53_1072	L7EC74
O53_1208	L7EC75
O53_885	L7EC76
O53_1667	L7EC77
O53_501	L7EC78
O53_890	L7EC80
O53_1218	L7EC82
O53_895	L7EC84
O53_1228	L7EC87
O53_901	L7EC88
O53_511	L7EC89
O53_906	L7EC91
O53_1087	L7EC92
O53_516	L7EC93
O53_1238	L7EC94
O53_911	L7EC96
O53_1092	L7EC97
O53_521	L7EC98
O53_1215	L7EC99
O53_2881	L7EC99
O53_1243	L7EC99
O53_1248	L7ECA1
O53_1097	L7ECA2
O53_526	L7ECA3
O53_921	L7ECA4
O53_1253	L7ECA5
O53_1677	L7ECA6
O53_1102	L7ECA7
O53_531	L7ECA8
O53_1258	L7ECA9
O53_926	L7ECB0
O53_1682	L7ECB1
O53_1263	L7ECB2
O53_931	L7ECB3
O53_536	L7ECB4
O53_1107	L7ECB5
O53_1268	L7ECB7
O53_936	L7ECB8
O53_541	L7ECB9
O53_1692	L7ECC0
O53_1273	L7ECC1
O53_1112	L7ECC2
O53_941	L7ECC3
O53_546	L7ECC4
O53_1697	L7ECC5
O53_1278	L7ECC6
O53_1118	L7ECC7
O53_947	L7ECC8
O53_1283	L7ECC9
O53_1702	L7ECD0
O53_551	L7ECD1
O53_952	L7ECD2
O53_1288	L7ECD3
O53_1707	L7ECD4
O53_1123	L7ECD5
O53_957	L7ECD6
O53_1293	L7ECD7
O53_1712	L7ECD8
O53_556	L7ECD9
O53_1717	L7ECE0
O53_1298	L7ECE1
O53_962	L7ECE3
O53_561	L7ECE4
O53_1303	L7ECE6
O53_968	L7ECE7
O53_1133	L7ECE8
O53_1727	L7ECE9
O53_566	L7ECF0
O53_1308	L7ECF1
O53_973	L7ECF2
O53_1138	L7ECF4
O53_978	L7ECF7
O53_1737	L7ECF8
O53_1742	L7ECF9
O53_1318	L7ECG0
O53_1144	L7ECG2
O53_576	L7ECG3
O53_1747	L7ECG4
O53_1323	L7ECG5
O53_1752	L7ECG7
O53_1328	L7ECG8
O53_1149	L7ECG9
O53_581	L7ECH0
O53_993	L7ECH2
O53_1333	L7ECH3
O53_1154	L7ECH4
O53_586	L7ECH6
O53_1338	L7ECH7
O53_998	L7ECH8
O53_1159	L7ECH9
O53_1767	L7ECI0
O53_1003	L7ECI2
O53_591	L7ECI3
O53_1772	L7ECI4
O53_1348	L7ECI5
O53_1164	L7ECI6
O53_1777	L7ECI7
O53_596	L7ECJ0
O53_1782	L7ECJ1
O53_1013	L7ECJ2
O53_1358	L7ECJ3
O53_1787	L7ECJ4
O53_601	L7ECJ5
O53_1792	L7ECJ7
O53_1018	L7ECJ8
O53_1797	L7ECJ9
O53_1368	L7ECK1
O53_1802	L7ECK3
O53_1373	L7ECK4
O53_611	L7ECK5
O53_1169	L7ECK6
O53_1028	L7ECK7
O53_1807	L7ECK8
O53_1378	L7ECK9
O53_616	L7ECL0
O53_1812	L7ECL1
O53_1033	L7ECL2
O53_1388	L7ECL5
O53_1038	L7ECL6
O53_621	L7ECL7
O53_1174	L7ECL8
O53_1823	L7ECL9
O53_1393	L7ECM0
O53_1043	L7ECM1
O53_626	L7ECM2
O53_1828	L7ECM3
O53_1179	L7ECM4
O53_1833	L7ECM6
O53_1048	L7ECM7
O53_631	L7ECM8
O53_1185	L7ECM9
O53_1403	L7ECN0
O53_636	L7ECN2
O53_1190	L7ECN3
O53_1843	L7ECN6
O53_641	L7ECN7
O53_1195	L7ECN8
O53_1413	L7ECP0
O53_1200	L7ECP2
O53_1064	L7ECP4
O53_1418	L7ECP5
O53_1205	L7ECP6
O53_1853	L7ECP7
O53_1210	L7ECP9
O53_1069	L7ECQ0
O53_1858	L7ECQ2
O53_1428	L7ECQ4
O53_1074	L7ECQ5
O53_1220	L7ECQ7
O53_1079	L7ECQ8
O53_1433	L7ECQ9
O53_1868	L7ECR0
O53_1225	L7ECR1
O53_1230	L7ECR2
O53_1084	L7ECR3
O53_1439	L7ECR5
O53_1235	L7ECR6
O53_656	L7ECR7
O53_1240	L7ECS1
O53_1883	L7ECS3
O53_1094	L7ECS4
O53_1888	L7ECS7
O53_1099	L7ECS8
O53_1255	L7ECS9
O53_1455	L7ECT0
O53_661	L7ECT1
O53_1893	L7ECT2
O53_1260 	L7ECT3
O53_4050	L7ECT3
O53_1104	L7ECT4
O53_1460	L7ECT5
O53_1265	L7ECT7
O53_1898	L7ECT8
O53_783	L7ECT8
O53_4645	L7ECT8
O53_671	L7ECU0
O53_1270	L7ECU1
O53_1465	L7ECU2
O53_1115	L7ECU4
O53_676	L7ECU5
O53_1470	L7ECU7
O53_681	L7ECU8
O53_1280	L7ECU9
O53_1908	L7ECV0
O53_1120	L7ECV1
O53_1285	L7ECV2
O53_1475	L7ECV3
O53_686	L7ECV4
O53_1913	L7ECV5
O53_1125	L7ECV6
O53_1290	L7ECV7
O53_691	L7ECV8
O53_1480	L7ECV9
O53_696	L7ECW1
O53_1918	L7ECW2
O53_1130	L7ECW3
O53_1300	L7ECW4
O53_701	L7ECW5
O53_1485	L7ECW6
O53_1923	L7ECW7
O53_1135	L7ECW8
O53_1305	L7ECX0
O53_1490	L7ECX1
O53_1928	L7ECX3
O53_1141	L7ECX5
O53_717	L7ECX6
O53_1315	L7ECX7
O53_1933	L7ECX8
O53_1495	L7ECX9
O53_1146	L7ECY0
O53_722	L7ECY1
O53_1938	L7ECY3
O53_727	L7ECY4
O53_1500	L7ECY5
O53_1151	L7ECY6
O53_1325	L7ECY7
O53_732	L7ECY8
O53_1330	L7ECZ1
O53_1335	L7ECZ4
O53_1949	L7ECZ5
O53_1161	L7ECZ6
O53_742	L7ECZ7
O53_1510	L7ECZ8
O53_747	L7ED00
O53_1954	L7ED01
O53_1345	L7ED02
O53_1515	L7ED03
O53_752	L7ED04
O53_1350	L7ED05
O53_1959	L7ED06
O53_1521	L7ED08
O53_1355	L7ED09
O53_762	L7ED11
O53_1360	L7ED12
O53_767	L7ED14
O53_1969	L7ED15
O53_1526	L7ED16
O53_1365	L7ED17
O53_772	L7ED18
O53_1370	L7ED19
O53_1974	L7ED20
O53_778	L7ED21
O53_1531	L7ED22
O53_1375	L7ED23
O53_1171	L7ED25
O53_1536	L7ED26
O53_1979	L7ED27
O53_788	L7ED28
O53_1380	L7ED29
O53_1176	L7ED30
O53_1181	L7ED31
O53_793	L7ED32
O53_1385	L7ED33
O53_1984	L7ED34
O53_1541	L7ED35
O53_799	L7ED36
O53_1390	L7ED37
O53_1989	L7ED38
O53_804	L7ED39
O53_1546	L7ED40
O53_1395	L7ED41
O53_1187	L7ED42
O53_809	L7ED43
O53_1400	L7ED44
O53_1192	L7ED46
O53_1551	L7ED47
O53_814	L7ED48
O53_1197	L7ED49
O53_1405	L7ED50
O53_819	L7ED51
O53_1556	L7ED52
O53_1202	L7ED53
O53_1410	L7ED54
O53_824	L7ED56
O53_1207	L7ED57
O53_1415	L7ED58
O53_1561	L7ED59
O53_1212	L7ED61
O53_1420	L7ED62
O53_1217	L7ED63
O53_834	L7ED65
O53_1566	L7ED66
O53_1425	L7ED68
O53_839	L7ED69
O53_1227	L7ED70
O53_1232	L7ED74
O53_1571	L7ED75
O53_1237	L7ED76
O53_1436	L7ED77
O53_849	L7ED78
O53_1242	L7ED82
O53_854	L7ED83
O53_1247	L7ED84
O53_859	L7ED85
O53_1447	L7ED86
O53_1581	L7ED87
O53_864	L7ED90
O53_1452	L7ED91
O53_1586	L7ED93
O53_869	L7ED94
O53_1457	L7ED95
O53_1262	L7ED97
O53_874	L7ED98
O53_1462	L7ED99
O53_1267	L7EDA0
O53_1591	L7EDA1
O53_1467	L7EDA4
O53_1272	L7EDA5
O53_1472	L7EDA8
O53_884	L7EDB0
O53_1282	L7EDB1
O53_889	L7EDB2
O53_1601	L7EDB4
O53_894	L7EDB7
O53_1482	L7EDB8
O53_1292	L7EDB9
O53_1606	L7EDC0
O53_900	L7EDC1
O53_1487	L7EDC3
O53_1297	L7EDC4
O53_1302	L7EDC6
O53_1611	L7EDC8
O53_1307	L7EDD0
O53_910	L7EDD1
O53_1497	L7EDD2
O53_1312	L7EDD3
O53_1616	L7EDD4
O53_915	L7EDD5
O53_1502	L7EDD7
O53_920	L7EDD9
O53_1621	L7EDE0
O53_1507	L7EDE1
O53_1322	L7EDE3
O53_925	L7EDE4
O53_1512	L7EDE5
O53_1327	L7EDE7
O53_930	L7EDE8
O53_1626	L7EDE9
O53_1332	L7EDF0
O53_1523	L7EDF4
O53_1631	L7EDF5
O53_1337	L7EDF6
O53_1528	L7EDF9
O53_945	L7EDG1
O53_1636	L7EDG3
O53_1533	L7EDG4
O53_951	L7EDG5
O53_1352	L7EDG6
O53_956	L7EDG8
O53_1357	L7EDG9
O53_1538	L7EDH0
O53_1641	L7EDH1
O53_961	L7EDH4
O53_1646	L7EDH6
O53_1367	L7EDH7
O53_967	L7EDH9
O53_1548	L7EDI0
O53_1372	L7EDI1
O53_1651	L7EDI2
O53_972	L7EDI3
O53_1553	L7EDI5
O53_1377	L7EDI6
O53_977	L7EDI7
O53_1656	L7EDI8
O53_1558	L7EDJ1
O53_982	L7EDJ2
O53_1387	L7EDJ3
O53_1661	L7EDJ4
O53_987	L7EDJ6
O53_1392	L7EDJ7
O53_1666	L7EDJ9
O53_1568	L7EDK0
O53_1397	L7EDK1
O53_1573	L7EDK4
O53_1402	L7EDK6
O53_1578	L7EDK8
O53_1407	L7EDK9
O53_1002	L7EDL0
O53_1007	L7EDL4
O53_1671	L7EDL5
O53_1417	L7EDL7
O53_1012	L7EDL9
O53_1422	L7EDM1
O53_1593	L7EDM2
O53_1017	L7EDM3
O53_1427	L7EDM4
O53_1598	L7EDM6
O53_1022	L7EDM7
O53_1676	L7EDM8
O53_1603	L7EDN0
O53_1027	L7EDN1
O53_1681	L7EDN3
O53_1438	L7EDN4
O53_1032	L7EDN5
O53_1686	L7EDN7
O53_1443	L7EDN8
O53_1691	L7EDP0
O53_1037	L7EDP1
O53_1613	L7EDP2
O53_1449	L7EDP3
O53_1696	L7EDP5
O53_1042	L7EDP6
O53_1454	L7EDP7
O53_1618	L7EDP8
O53_1701	L7EDP9
O53_1047	L7EDQ1
O53_1706	L7EDQ2
O53_1459	L7EDQ3
O53_1711	L7EDQ6
O53_1464	L7EDQ7
O53_1053	L7EDQ8
O53_1628	L7EDQ9
O53_1716	L7EDR0
O53_1469	L7EDR1
O53_1058	L7EDR2
O53_1633	L7EDR3
O53_1721	L7EDR5
O53_1726	L7EDR7
O53_1063	L7EDR8
O53_1638	L7EDR9
O53_1731	L7EDS1
O53_1479	L7EDS2
O53_1068	L7EDS3
O53_1736	L7EDS4
O53_1643	L7EDS5
O53_1484	L7EDS6
O53_1741	L7EDS7
O53_1073	L7EDS8
O53_1648	L7EDS9
O53_1489	L7EDT1
O53_1078	L7EDT2
O53_143	L7EDT2
O53_1751	L7EDT3
O53_1653	L7EDT4
O53_1494	L7EDT5
O53_1756	L7EDT6
O53_1083	L7EDT7
O53_1499	L7EDT8
O53_1658	L7EDT9
O53_1761	L7EDU0
O53_1088	L7EDU2
O53_1766	L7EDU4
O53_1663	L7EDU5
O53_1093	L7EDU6
O53_1771	L7EDU7
O53_1668	L7EDU9
O53_1776	L7EDV0
O53_1098	L7EDV1
O53_1514	L7EDV2
O53_1520	L7EDV6
O53_1786	L7EDV8
O53_1525	L7EDW0
O53_1791	L7EDW2
O53_1530	L7EDW4
O53_1796	L7EDW5
O53_1673	L7EDW6
O53_1113	L7EDW7
O53_1801	L7EDW9
O53_1535	L7EDX0
O53_1806	L7EDX2
O53_1540	L7EDX4
O53_1811	L7EDX6
O53_1678	L7EDX7
O53_1545	L7EDX9
O53_1683	L7EDY1
O53_1124	L7EDY2
O53_1821	L7EDY4
O53_1827	L7EDY7
O53_1129	L7EDY8
O53_1555	L7EDZ0
O53_1832	L7EDZ1
O53_1134	L7EDZ4
O53_1837	L7EDZ6
O53_1560	L7EDZ7
O53_1693	L7EDZ8
O53_1139	L7EE01
O53_1565	L7EE02
O53_1698	L7EE04
O53_1847	L7EE05
O53_1570	L7EE08
O53_1145	L7EE09
O53_1852	L7EE10
O53_1708	L7EE12
O53_1575	L7EE13
O53_1857	L7EE15
O53_1150	L7EE16
O53_1713	L7EE17
O53_1862	L7EE19
O53_1718	L7EE20
O53_1723	L7EE24
O53_1867	L7EE25
O53_1585	L7EE26
O53_1728	L7EE27
O53_1160	L7EE29
O53_1733	L7EE30
O53_1872	L7EE31
O53_1738	L7EE34
O53_1877	L7EE35
O53_1595	L7EE38
O53_1882	L7EE39
O53_1748	L7EE41
O53_1600	L7EE42
O53_1887	L7EE44
O53_1753	L7EE45
O53_1892	L7EE47
O53_1605	L7EE48
O53_1758	L7EE49
O53_1165	L7EE51
O53_1897	L7EE52
O53_1763	L7EE53
O53_1902	L7EE56
O53_1768	L7EE57
O53_1615	L7EE59
O53_1907	L7EE60
O53_1773	L7EE61
O53_1912	L7EE63
O53_1778	L7EE65
O53_1620	L7EE66
O53_1170	L7EE67
O53_1783	L7EE68
O53_1175	L7EE70
O53_1917	L7EE71
O53_1625	L7EE72
O53_1788	L7EE73
O53_1180	L7EE75
O53_1922	L7EE76
O53_1793	L7EE77
O53_1630	L7EE79
O53_1186	L7EE80
O53_1798	L7EE83
O53_1635	L7EE84
O53_1932	L7EE87
O53_1803	L7EE88
O53_1196	L7EE89
O53_1640	L7EE92
O53_1937	L7EE93
O53_1201	L7EE94
O53_1813	L7EE96
O53_1943	L7EE97
O53_1206	L7EE98
O53_1948	L7EEA3
O53_1650	L7EEA5
O53_1953	L7EEA8
O53_1655	L7EEB2
O53_1958	L7EEB3
O53_1226	L7EEB5
O53_1660	L7EEB8
O53_1963	L7EEB9
O53_1231	L7EEC0
O53_1968	L7EEC2
O53_1665	L7EEC4
O53_1236	L7EEC5
O53_1844	L7EEC6
O53_1241	L7EEC7
O53_1973	L7EEC9
O53_1849	L7EED0
O53_1246	L7EED1
O53_1978	L7EED3
O53_1251	L7EED4
O53_1854	L7EED6
O53_1983	L7EED7
O53_1859	L7EEE0
O53_1261	L7EEE1
O53_1988	L7EEE2
O53_1266	L7EEE5
O53_1864	L7EEE6
O53_1271	L7EEE9
O53_1869	L7EEF0
O53_1874	L7EEF4
O53_1281	L7EEF6
O53_1675	L7EEF7
O53_1286	L7EEG1
O53_1884	L7EEG2
O53_1680	L7EEG3
O53_1685	L7EEG7
O53_1889	L7EEG8
O53_1296	L7EEH0
O53_1690	L7EEH1
O53_1695	L7EEH4
O53_1301	L7EEH5
O53_1700	L7EEH8
O53_1899	L7EEH9
O53_1306	L7EEI0
O53_1904	L7EEI3
O53_1710	L7EEI7
O53_1316	L7EEI8
O53_1909	L7EEI9
O53_1715	L7EEJ2
O53_1720	L7EEJ3
O53_1914	L7EEJ6
O53_1326	L7EEJ9
O53_1730	L7EEK1
O53_1331	L7EEK2
O53_1735	L7EEK6
O53_1924	L7EEK8
O53_1929	L7EEL2
O53_1341	L7EEL6
O53_1934	L7EEL7
O53_1346	L7EEM1
O53_1939	L7EEM2
O53_1351	L7EEM6
O53_1945	L7EEM7
O53_1760	L7EEM9
O53_1950	L7EEN0
O53_1356	L7EEN1
O53_1765	L7EEN4
O53_1955	L7EEN5
O53_1361	L7EEN6
O53_1770	L7EEN7
O53_1366	L7EEP0
O53_1960	L7EEP1
O53_1775	L7EEP2
O53_1780	L7EEP6
O53_1965	L7EEP7
O53_1376	L7EEP9
O53_1785	L7EEQ0
O53_1790	L7EEQ3
O53_1381	L7EEQ5
O53_1975	L7EEQ7
O53_1795	L7EEQ8
O53_1386	L7EEQ9
O53_1800	L7EER2
O53_1980	L7EER3
O53_1391	L7EER4
O53_1805	L7EER6
O53_1985	L7EER7
O53_1396	L7EER9
O53_1401	L7EES2
O53_1990	L7EES3
O53_1406	L7EES7
O53_1820	L7EET1
O53_1411	L7EET2
O53_1826	L7EET5
O53_1416	L7EET7
O53_1831	L7EET9
O53_1836	L7EEU3
O53_1421	L7EEU4
O53_1841	L7EEU8
O53_1846	L7EEV1
O53_1431	L7EEV4
O53_1851	L7EEV7
O53_1437	L7EEV9
O53_1856	L7EEW2
O53_1442	L7EEW4
O53_1861	L7EEW7
O53_1866	L7EEX2
O53_1453	L7EEX5
O53_1871	L7EEX7
O53_1458	L7EEY0
O53_1876	L7EEY2
O53_1463	L7EEY6
O53_1881	L7EEY7
O53_1468	L7EEY9
O53_1891	L7EEZ5
O53_1478	L7EEZ9
O53_1896	L7EF00
O53_1483	L7EF04
O53_1901	L7EF05
O53_1488	L7EF08
O53_1906	L7EF10
O53_1493	L7EF14
O53_1911	L7EF15
O53_1503	L7EF23
O53_1921	L7EF24
O53_1508	L7EF25
O53_1926	L7EF27
O53_1513	L7EF32
O53_1518	L7EF36
O53_1936	L7EF38
O53_1941	L7EF41
O53_1524	L7EF42
O53_1947	L7EF46
O53_1529	L7EF47
O53_1957	L7EF55
O53_1539	L7EF57
O53_1544	L7EF64
O53_1549	L7EF70
O53_1972	L7EF74
O53_1977	L7EF81
O53_1559	L7EF82
O53_1982	L7EF88
O53_1564	L7EF89
O53_1987	L7EF93
O53_1569	L7EF94
O53_1579	L7EFA7
O53_1589	L7EFB7
O53_1594	L7EFC4
O53_1599	L7EFD0
O53_1604	L7EFD4
O53_1609	L7EFE0
O53_1629	L7EFG8
O53_1634	L7EFH6
O53_1639	L7EFI1
O53_1644	L7EFI7
O53_1659	L7EFK9
O53_1669	L7EFN5
O53_1674	L7EFP4
O53_1679	L7EFP9
O53_1684	L7EFQ4
O53_1694	L7EFR5
O53_1699 	L7EFR8
O53_3630	L7EFR8
O53_1704	L7EFS3
O53_1709	L7EFS5
O53_1714	L7EFT0
O53_1719	L7EFT5
O53_1724	L7EFT7
O53_1734	L7EFU5
O53_1739	L7EFV0
O53_1749	L7EFV8
O53_1754	L7EFW2
O53_1759	L7EFW7
O53_1764	L7EFX0
O53_1779	L7EFY1
O53_1789	L7EFY8
O53_1794	L7EFZ3
O53_1799	L7EFZ7
O53_1804	L7EG01
O53_1809	L7EG02
O53_1825	L7EG16
O53_1835	L7EG25
O53_1840	L7EG30
O53_1845	L7EG35
O53_1850	L7EG39
O53_1855	L7EG44
O53_1860	L7EG49
O53_1865	L7EG53
O53_1870	L7EG57
O53_1875	L7EG62
O53_1880	L7EG67
O53_1885	L7EG72
O53_1890	L7EG77
O53_1895	L7EG82
O53_1900	L7EG85
O53_1905	L7EG90
O53_1910	L7EG95
O53_1915	L7EGA0
O53_1920	L7EGA5
O53_1925	L7EGA9
O53_1935	L7EGB7
O53_1940	L7EGC3
O53_1946	L7EGC6
O53_1951	L7EGD1
O53_1961	L7EGD7
O53_1966	L7EGE1
O53_1971	L7EGE7
O53_1976	L7EGF1
O53_1981	L7EGF8
O53_1986	L7EGG1
O53_1991	L7EGG5
