2.5.1.15;2.5.1.19
6.3.2.3
1.6.5.2
2.8.1.6
3.6.4.6
2.3.1.30
2.7.4.14
5.4.99.17
2.4.1.227
6.2.1.3
1.3.1.9
2.7.4.6
4.1.1.49
1.2.4.1
4.2.1.47
6.6.1.1
4.2.1.3;4.2.1.99
5.1.3.13
4.1.1.19
4.2.1.104
2.3.1.39
1.2.1.11
2.7.7.7;5.99.1.2;5.99.1.3;6.5.1.1;6.5.1.2
2.3.1.41
2.6.99.2
1.1.1.42
3.4.11.1;3.4.11.18;3.4.19.5
2.7.4.1
2.7.4.14
4.1.1.36
2.1.3.2
4.3.2.2
6.3.2.5
1.1.1.22
2.7.2.11
6.3.2.12;6.3.2.17
2.3.1.1
3.1.3.5
2.3.1.41
4.1.1.31
1.2.1.16
4.1.3.36
2.7.1.11
3.6.3.3;3.6.3.5
3.5.4.19
2.5.1.21
2.6.1.57;2.6.1.9
4.1.1.37
4.1.2.25

1.17.1.2
1.4.3.16
2.3.1.41
3.5.1.28
2.7.8.5
1.3.99.1
4.1.1.1
2.7.7.41
2.5.1.10
4.2.1.9
1.3.1.9
3.5.4.25;4.1.99.12
2.3.1.41
2.3.1.35
3.5.4.25
3.5.1.4
2.5.1.21

1.1.1.284
2.5.1.21
2.7.4.8
4.3.2.2
2.1.3.2
3.6.1.1
1.2.1.12
4.1.1.23
2.5.1.3
4.1.1.20
1.5.1.20
4.2.1.22
1.3.1.43
2.7.1.107
3.5.4.1
2.7.1.107
2.3.1.39
2.3.1.39
4.2.1.20;4.2.1.24
6.3.4.20
1.4.4.2;1.8.1.4
3.4.11.1;3.4.11.18;3.4.19.5
2.7.2.4
4.1.1.19
2.7.7.41
1.4.3.5
1.3.1.9
2.3.1.182;2.3.1.41
2.3.1.16
2.4.1.25
3.6.3.3;3.6.3.5
1.2.1.70
2.5.1.47
2.7.7.4
1.3.1.43
6.3.2.5
3.1.4.46
2.3.3.13
3.5.1.25
6.3.4.14;6.3.4.15
2.7.7.18
2.5.1.47
2.7.1.71
3.1.3.5
2.7.7.13
2.7.1.25
5.1.1.7
3.1.7.2
3.4.11.1;3.4.11.18;3.4.19.5
2.5.1.21
1.1.1.6
1.6.99.3
4.2.1.109
3.5.4.26

4.2.1.46
2.5.1.61
2.7.2.1
2.3.1.182;2.3.1.41
4.2.1.104
2.7.1.40
2.3.1.39
2.7.1.24
2.4.2.17

1.3.1.9
1.6.99.3
1.2.1.12

3.1.3.25

2.3.1.39
5.1.3.14
4.2.1.75
2.5.1.10
1.2.1.11
2.7.8.13
2.7.4.3
3.5.4.12
4.2.3.4
2.7.7.27
2.3.1.157
1.1.1.262
1.3.1.9
3.6.3.4
2.5.1.17
2.1.2.1
4.3.2.1
3.1.3.15
2.3.1.41
3.1.3.5
4.2.1.46
1.5.1.5
1.2.1.10
1.1.1.267
4.1.3.38
2.3.1.16;2.3.1.9
2.4.2.10;2.4.2.14
3.5.4.16
1.6.1.2
3.1.3.11
1.1.1.262
3.5.4.12
1.2.1.11
2.4.2.28
1.2.1.3
2.7.1.23
4.1.3.27
3.4.11.1;3.4.11.18;3.4.19.5
1.3.99.2
1.2.1.11
4.1.1.36
2.5.1.21
3.1.3.5
6.2.1.3
1.1.1.94

2.1.1.45
2.3.1.8
1.1.1.23
2.7.1.19
2.5.1.62
2.7.7.41
1.4.3.19
2.7.8.5
2.3.2.2

5.3.1.8
3.5.4.25
5.3.1.9
1.1.1.27
2.5.1.21
1.13.11.27
2.3.1.41

4.2.1.51
4.2.99.9
1.14.13.83

3.13.1.1
5.1.1.12
3.5.4.16
2.7.1.107
3.5.4.12
3.1.4.46
5.1.3.14
2.7.8.5
2.5.1.49
3.5.1.88
2.3.1.182;2.3.1.41
1.3.1.9
5.3.1.24
1.5.1.5;3.5.4.9
2.3.1.39
2.7.1.107
2.7.1.107
3.1.6.6
2.3.1.157
1.3.1.9
3.4.11.1;3.4.11.18;3.4.19.5
1.3.1.9
2.4.2.9
2.7.8.5
2.3.1.182;2.3.1.41
3.5.1.28
3.5.2.3
1.1.1.3
1.2.1.11

1.1.1.37
5.1.3.2
1.1.1.27
2.7.4.14
6.1.1.17
3.5.1.28
4.4.1.1
3.1.3.5
2.5.1.7
2.7.1.26;2.7.7.2
5.3.1.1
4.1.2.13
5.3.3.2
1.6.5.2
6.3.1.2
4.2.1.24
6.4.1.2
2.3.1.157
3.4.11.1;3.4.11.18;3.4.19.5
3.5.1.4
1.8.4.10;1.8.4.8
1.3.1.9
2.5.1.21
1.3.1.9
2.7.7.3
3.5.4.19;3.6.1.31
4.1.1.81
2.7.7.24
2.7.7.62
2.6.1.42

6.3.3.2
2.7.4.8
2.3.1.41
2.3.1.47
1.1.1.1
2.5.1.78
5.3.1.9
3.4.11.1;3.4.11.18;3.4.19.5
2.7.9.2
4.3.1.19
1.2.1.11
5.4.99.5
2.5.1.21
2.1.1.31;2.1.1.61;2.7.7.21;2.7.7.25;2.7.7.6;3.1.26.3;3.1.26.5
1.1.1.25
1.3.5.2

1.3.1.9
1.6.5.2
2.7.1.11
3.5.1.4
1.5.1.12
3.3.1.1
4.1.1.31;4.1.1.35
2.4.2.7
2.7.8.13
2.4.2.14;2.4.2.18
4.2.1.113
4.6.1.12
2.7.4.6
1.3.1.24
2.7.8.13

2.7.7.41
5.3.1.16
2.7.8.5
1.6.5.2
3.5.4.16
1.1.1.153
3.5.1.25
6.2.1.5
2.3.1.41


2.7.8.6
1.3.1.33
1.2.1.11

3.1.3.5
5.4.2.2
6.3.4.14
2.1.2.11
2.7.7.18
2.4.1.21
2.5.1.6
2.5.1.21
3.4.11.1;3.4.11.18;3.4.19.5
1.9.3.1
2.5.1.39
3.5.1.42
2.7.7.41
3.1.3.71
1.15.1.1
2.3.1.12
1.3.5.2
1.14.13.81
4.1.1.31
4.1.1.19
2.7.1.2
2.2.1.2
3.5.4.16
2.7.13.3
3.1.6.6
3.1.3.7
1.2.1.11
5.4.2.6
1.2.1.3
1.2.1.11
6.3.4.14
2.7.4.7

1.2.1.11
3.4.11.1;3.4.11.18;3.4.19.5
2.4.1.182
4.2.1.51
3.1.3.5
3.5.4.1
2.4.1.25
3.1.3.5
2.5.1.21
3.4.11.1;3.4.11.18;3.4.19.5
5.4.1.2
1.2.1.60
2.7.1.39
4.1.2.13
1.1.1.153
1.1.1.1

3.6.3.40
2.7.1.148
2.7.2.3
6.3.4.4
2.1.2.9
2.3.1.41
3.1.3.5
1.6.5.2
3.4.11.1;3.4.11.18;3.4.19.5
3.1.3.25
4.2.3.5
1.1.1.1
1.2.1.11
6.2.1.3
1.1.1.1
5.1.3.2
1.5.1.5;3.5.4.9
1.1.1.36
1.7.99.1
2.6.1.1;2.6.1.57;2.6.1.9
2.7.1.11
1.3.1.9
6.3.4.14
2.7.7.62
4.1.3.40
2.1.2.9;6.1.1.1;6.1.1.10;6.1.1.11;6.1.1.12;6.1.1.14;6.1.1.15;6.1.1.16;6.1.1.17;6.1.1.19;6.1.1.2;6.1.1.20;6.1.1.21;6.1.1.22;6.1.1.3;6.1.1.4;6.1.1.5;6.1.1.6;6.1.1.7;6.1.1.9;6.3.5.6
1.2.1.11
1.1.1.1
1.3.99.1
2.7.4.8
2.3.1.8
1.3.99.1
3.1.3.5
1.2.1.24
3.1.3.7
5.1.3.1
1.6.5.2
1.17.1.2
6.3.1.2
1.2.1.3
2.5.1.21
2.8.1.6
2.7.6.3

3.1.3.37
2.3.1.41
2.7.7.41
2.4.2.22
1.2.1.3
5.4.2.6
4.2.3.12
2.7.7.41
6.3.1.10
1.7.7.1
1.3.5.2
6.3.3.2
4.2.1.20;4.2.1.24
6.3.2.6;6.3.3.1
2.5.1.31
1.1.1.1
5.1.3.1;5.1.3.13
4.3.2.1
4.2.1.33
1.1.1.85
2.7.1.107
1.3.99.2
1.14.13.81
2.3.1.8
2.4.2.22
1.1.1.23
2.7.8.5
2.4.2.9
2.1.2.2
2.7.1.107

4.1.1.39
2.4.2.19
2.3.1.39
2.7.1.4
2.3.1.39
3.4.11.1;3.4.11.18;3.4.19.5
2.5.1.21
2.3.1.182;2.3.1.41
2.7.7.62
2.2.1.2
1.1.1.27
2.4.1.25
6.3.1.2
1.2.1.70
2.3.1.41
4.1.2.13
2.3.1.31;2.3.1.35
6.3.4.2
1.1.1.1
4.1.1.31
1.3.1.9
5.1.3.14
3.1.3.7
1.1.1.94
2.7.4.6
2.1.2.3;3.5.4.10
1.1.1.1
5.4.2.1
1.1.1.153
3.4.11.1;3.4.11.18;3.4.19.5
2.5.1.21
1.5.1.2
1.17.1.2
6.2.1.3
1.1.1.284
6.3.4.2;6.3.4.5
2.6.1.1
3.4.11.1;3.4.11.18;3.4.19.5
3.1.3.1
4.1.2.40
5.1.3.2
1.5.1.34
2.7.4.6
2.1.2.2
2.2.1.1
4.2.1.9
2.7.4.6
3.4.11.1;3.4.11.18;3.4.19.5
3.1.3.25
3.5.4.10
2.3.1.41
2.3.1.191
4.1.1.20
1.1.1.153
1.1.1.85
3.6.1.13
2.3.1.16

2.3.1.41
2.7.1.4
1.1.1.41
1.3.1.9
1.1.1.44
3.6.3.12
1.2.1.11
2.7.7.60
3.6.3.14
2.6.1.62
2.5.1.21
6.3.4.13
1.4.3.19
3.5.1.2
5.3.1.24;5.3.1.28
1.3.1.9
1.1.1.1
4.6.1.1
2.7.1.107
2.7.7.41
2.3.2.2
2.3.1.39
3.5.1.2
2.3.1.16
1.3.1.54
2.1.1.107
4.1.2.22
3.5.1.28
2.5.1.9
1.2.1.11
1.1.1.1
1.17.4.1
5.1.1.1
1.1.1.271
4.1.3.27
1.4.1.4
3.5.4.1
2.7.7.13;2.7.7.18
1.1.1.27
1.1.1.193;3.5.4.26
2.3.1.41
2.7.4.7
4.4.1.5
2.1.3.2


2.7.1.39
1.1.1.27
6.2.1.3
1.4.1.1
3.1.1.31
2.7.1.107
3.5.1.108
2.5.1.39
4.2.1.33
6.2.1.16;6.2.1.3
1.4.3.16
2.3.1.39
5.1.3.9
6.3.4.2;6.3.4.5
2.1.1.45
2.2.1.2
2.7.1.107
2.7.1.33
2.4.1.227
3.5.4.12
1.14.13.81
2.5.1.21
1.1.99.14
6.3.5.5
2.7.8.5
4.1.1.31
1.2.1.70

2.3.1.41
2.7.6.5
3.13.1.1

4.2.1.2
5.3.1.9
3.1.4.46
2.7.7.41
1.2.4.1;2.2.1.6;4.1.1.1
2.5.1.15;2.5.1.19
4.2.3.1
3.6.3.4
2.4.2.18
3.1.3.73
4.6.1.1
1.13.11.27
5.1.3.3
1.6.99.3
4.1.1.71
2.7.7.13;2.7.7.18
2.3.1.16
4.2.3.1
1.1.1.3
3.5.1.5
5.3.1.9
4.1.2.4
2.5.1.17
2.5.1.21
1.1.1.158
1.3.3.3
3.1.3.71
5.3.1.8
3.6.3.40
3.5.1.10
5.4.4.2
2.7.7.60

2.8.1.7
3.5.4.19;3.6.1.31
2.5.1.1;2.5.1.10;2.5.1.29;2.5.1.90
1.13.11.54
4.2.1.11;4.2.1.113
2.7.6.1
1.8.7.1
3.6.3.25
1.5.1.34
1.3.1.9


1.4.4.2
1.4.7.1
3.5.4.5
2.4.2.3
2.7.2.1
1.1.1.85

2.6.1.1
5.4.2.1
4.2.1.22
5.1.1.1
2.5.1.7

2.7.2.3
6.2.1.3
3.5.3.11
4.3.2.2
2.5.1.21
1.1.1.42
2.5.1.39
6.3.3.1
2.1.2.2
2.3.2.2
2.1.2.3;3.5.4.10
3.6.3.3;3.6.3.5
1.1.1.44
1.8.4.10;1.8.4.8
2.7.7.41
2.5.1.49
2.7.1.39
1.1.1.40
3.1.3.5
2.7.4.8

2.5.1.10
2.7.1.39
2.1.1.107
3.5.4.5;3.5.4.9
6.3.4.14
1.2.1.11
2.7.7.41
2.3.1.41
2.7.4.6
1.1.99.14
4.1.3.38
4.1.1.31
1.5.1.20
1.17.1.2
2.3.1.16
4.2.1.22

2.6.1.85;4.1.3.27
1.3.99.1
2.6.1.42
3.1.3.18
5.4.2.8
4.2.1.10
1.3.1.9
1.2.1.11
1.8.1.7
2.3.1.39
2.7.4.3
2.2.1.2
1.1.1.1
2.3.1.8
1.3.1.9
2.2.1.9

4.1.1.1
1.3.1.9
1.2.1.70
1.6.1.2
5.1.1.3
3.1.3.1
2.5.1.10
4.2.1.96
2.3.1.16;2.3.1.9
1.1.1.205
4.1.2.9
5.4.2.2;5.4.2.6
1.2.1.3
6.2.1.3
2.7.1.26
4.6.1.12
3.4.11.1;3.4.11.18;3.4.19.5

2.5.1.21

2.2.1.9
2.3.1.157
2.5.1.54
5.4.3.8
1.1.1.1
4.1.1.31
2.2.1.1
2.1.1.13
2.2.1.7
1.1.1.95
2.5.1.21
6.3.5.3
2.1.2.10;2.1.2.2
2.7.1.2
2.5.1.10
5.3.1.9
3.4.11.1;3.4.11.18;3.4.19.5
4.1.1.11;4.1.1.19
1.1.1.1
3.1.3.5
2.5.1.15
4.1.1.19
2.6.1.42
1.3.1.9
1.14.11.18
2.3.1.31
4.1.3.36
1.2.1.11;1.2.1.3
1.1.1.1
6.2.1.3
1.3.1.9
3.1.3.18
1.5.1.2


3.1.3.5

2.7.1.23
4.2.1.3
5.4.2.10
2.3.1.157;2.7.7.23
1.3.1.9
2.4.2.21
1.2.1.11
2.5.1.16
6.2.1.3
1.9.3.1
2.7.7.4
2.7.7.41
1.3.1.33
4.4.1.1
1.2.1.11
2.7.8.5
1.2.1.11
3.5.4.5;3.5.4.9
2.7.1.24
1.1.1.31
1.17.4.1
2.7.8.5
3.3.1.1
1.1.1.133
2.3.1.41
4.2.3.5
2.2.1.1
3.5.3.11
1.8.1.4
1.1.1.23
2.7.4.16
2.6.1.83
1.2.1.11
1.3.99.1
2.2.1.6
1.1.1.1
3.6.3.25
4.2.1.19;4.2.1.22
2.8.1.7
1.1.99.14
2.4.1.182
6.3.4.5
2.1.2.11;2.1.2.3
3.5.1.88
5.4.2.2

2.7.1.26;2.7.7.2
1.17.4.1
2.7.2.1
2.7.1.107
2.7.8.5
2.3.1.157

1.3.1.9
2.3.1.182;2.3.1.41
3.1.3.5
3.4.11.1;3.4.11.18;3.4.19.5
2.4.2.14
1.4.3.16
2.3.1.41
1.1.1.49
1.2.1.41
3.5.1.4
3.5.1.28
1.4.1.13
2.7.4.3;2.7.4.8
4.2.1.104
3.5.4.9
3.5.2.3


2.5.1.31
1.3.1.9
4.2.1.47
2.5.1.1;2.5.1.10;2.5.1.29;2.5.1.90

6.3.1.2
4.2.1.3
4.1.1.31
2.4.1.1
2.7.8.13
3.5.4.4
5.4.2.1
2.5.1.15
5.1.3.3
4.1.1.37
2.4.1.129
4.1.2.25
2.7.4.6
6.2.1.26
1.2.1.11
2.1.3.5
5.4.4.2
4.1.1.71
5.4.2.6
3.6.1.27
4.2.1.113

2.7.4.3
2.3.1.157

5.1.1.3;5.1.1.7
1.3.1.9
1.2.1.3

2.5.1.21
2.1.1.163
1.5.1.2
2.5.1.74
2.3.1.8
3.1.3.1
1.5.1.9
2.3.3.1;2.3.3.13
2.1.2.2
6.3.1.5
2.3.1.129
3.5.1.28

3.5.4.4
4.1.2.22
1.1.1.1
1.3.1.24
3.5.1.4
2.3.1.47
2.3.1.41
5.4.2.10


2.7.4.8
3.5.4.16
1.2.1.38
3.5.1.4
6.3.2.1
1.5.1.12
1.1.1.1
5.4.2.8
4.1.1.48
4.1.2.4
1.18.1.2
2.7.7.41
1.3.1.9
2.7.8.5
4.2.1.20;4.2.1.24
4.1.1.36;6.3.2.5
1.3.99.2
1.2.1.70
3.6.1.27
3.5.4.4
2.7.1.11
4.1.1.1
2.7.1.107
1.1.1.36
4.1.1.50
2.5.1.10
2.7.8.5
4.99.1.1
2.7.4.9
2.3.1.16
2.7.7.41
1.4.3.5
3.1.2.6
1.1.1.193
2.8.1.6
1.1.1.49
1.1.99.14
3.4.11.1;3.4.11.18;3.4.19.5
2.1.3.3
6.2.1.3
1.3.1.43
1.3.1.9
2.7.1.107
2.6.1.52
6.3.2.12;6.3.2.17
2.5.1.47
2.1.2.3
2.3.1.39
2.7.8.5

2.2.1.6
1.17.4.1
6.3.2.12;6.3.2.17
2.4.1.25
1.2.1.3
1.8.1.9

2.7.4.6
4.1.2.22
2.3.1.182;2.3.1.41
2.1.1.45
2.3.1.41
6.2.1.3
2.6.1.52
2.1.2.9
1.1.1.262
2.6.1.57;2.6.1.9
2.7.1.107
4.4.1.5
2.3.1.157;2.7.7.23;2.7.7.27
2.3.1.39
3.6.3.40
2.1.1.11
1.1.1.27
2.7.4.6

























































































































1.1.1.100
4.2.1.59
1.1.1.100
4.2.1.59
1.1.1.100
4.2.1.59
1.1.1.100
4.2.1.59
1.1.1.100
4.2.1.59
1.1.1.100
1.1.1.100
4.2.1.59
2.3.1.179
1.1.1.100
4.2.1.59
3.1.2.21
3.1.2.21
3.1.2.21
3.1.2.14
3.1.2.14
1.14.19.2
3.1.2.14
3.1.2.14
2.3.1.179
1.1.1.100
4.2.1.59
1.3.1.9
3.1.2.14
2.3.1.199
1.1.1.330
4.2.1.134
1.3.1.93
1.14.19.1
3.1.2.2
1.14.19.6
3.1.2.2
1.14.19.13
3.1.2.2
1.14.19.3
3.1.2.2
2.3.1.-
1.1.1.330
4.2.1.134
2.3.1.119
3.1.2.2
2.3.1.199
1.1.1.330
4.2.1.134
1.3.1.93
3.1.2.-
2.3.1.199
1.1.1.330
4.2.1.134
1.3.1.93
3.1.2.2










































































